datetime,Ia (A),Ib (A),Ic (A),In (A),Iavg (A),Va (V),Vb (V),Vc (V),Vavg (V),Pa (kW),Pb (kW),Pc (kW),Ptot (kW),VARa (kVAR),VARb (kVAR),VARc (kVAR),VARtot (kVAR),VAa (kVA),VAb (kVA),VAc (kVA),VAtot (kVA),PFa,PFb,PFc,PFtot,DFa,DFb,DFc,DFtot
2024-02-26 00:00:00,1.7526582334763792,5.183450345701631,2.7729096729730514,4.310462862097352,3.236545652608936,228.62817233943213,229.97460794557702,227.56183966563657,228.7217765278673,0.374488561837242,1.1663217803071144,0.5859816366910545,2.1264038149440063,0.1305068806829691,0.21806273760032216,0.23634312265178342,0.5837622551744225,0.40055667948693163,1.1941112914340413,0.6306524977212778,2.225625486316369,0.9197610102043007,0.965513883639755,0.9296162824303619,0.9534956981836753,0.972564638402889,0.9881472177141464,0.9693188235032643,0.9769440430403978
2024-02-26 00:15:00,2.4312739738200166,7.0025396137517255,2.706326310642909,5.532686512433578,4.046876013956216,228.84055359246173,230.04476365091008,227.72899593306218,228.87122730404246,0.5262758628352587,1.5916267751182716,0.5691510545147361,2.6883676689555775,0.15190079338617968,0.24100051114517876,0.23157154921438863,0.6280636486876385,0.5556447096472382,1.6105934840099745,0.61629464186501,2.7829340844943746,0.9204078049647866,0.9852366824454937,0.9253257994977443,0.9632403271329247,0.9712376380647612,0.997297153143542,0.9607898304331368,0.9767906749338827
2024-02-26 00:30:00,2.3696577283387628,6.864542322779848,2.7110637092024508,5.458471112493868,3.9816725749275323,227.74623856779294,228.90046217786994,226.60333648193608,227.75015535577342,0.5123467834243027,1.5497694111370943,0.5676721081934136,2.630141687132551,0.14825541467104564,0.23282140753653957,0.23481047262382224,0.6118934957270856,0.5383230911132045,1.5697034016023133,0.6152589818529355,2.722778623578879,0.9175807616655627,0.9834817251380852,0.925278429106429,0.9628005156300433,0.9679854867925377,0.9967410848233672,0.9648818162623496,0.9777618989409617
2024-02-26 00:45:00,2.6191285703176215,6.516381078288182,2.678079277437729,5.099476408962583,3.937837312388051,226.44200148867384,227.69377334385027,225.40368013509158,226.51326741692864,0.5663059780254364,1.46294479686265,0.5594765200582165,2.588764845077955,0.1496067234733224,0.22207503360607997,0.22589959228110756,0.5946666592602017,0.5931677646562746,1.482755713063541,0.6039104351593709,2.6789061579993425,0.9247910857320766,0.97882272560633,0.9300679901791977,0.962912357104009,0.975870152089148,0.9945424549787292,0.9681267150300539,0.9808610978414256
2024-02-26 01:00:00,2.4323841589439823,7.5888215881059,2.7454906993799266,6.033816254417038,4.255565259906229,226.52969975776168,227.7442115029891,225.51889303731363,226.59752027912972,0.525119785763506,1.712194590750501,0.5751542325043801,2.809917438940381,0.15042236149079463,0.2376299531079909,0.23354490299354108,0.6174520523590753,0.5528574127164296,1.7284582305487057,0.6182928861924127,2.899568082316625,0.9196876458430537,0.99,0.9284540080449768,0.97133886703558,0.9735911282974453,1.0,0.9688958152765713,0.9818744582972193
2024-02-26 01:15:00,2.59921310491899,6.748041038972698,3.476207061279903,5.5458913256006515,4.274790139092212,226.62096720437273,227.95786172954718,225.6302109718704,226.73645924987778,0.562485335288567,1.5163011598453404,0.733775940985556,2.8121177176374927,0.1475741012309769,0.2359944229658521,0.26879960449701984,0.6513322668087734,0.5881375816557286,1.536971737101715,0.7846548238010936,2.909842798737713,0.9257072390347525,0.9809359863129258,0.9270139536950627,0.9635981869083877,0.9767550993200872,0.9967865395725014,0.9679577167488823,0.9809405412611641
2024-02-26 01:30:00,2.3263779807534584,7.243583127763375,9.02807376047288,7.751783674466284,6.199322843744618,226.9190974953886,228.30928973042646,225.66458708358337,226.96405227015137,0.5001877902970459,1.6232613285329665,1.9828785252350032,4.105154676978318,0.1441262750848304,0.28747694290729153,0.4678228548569913,0.9006083738914078,0.5267471164742547,1.652564282063202,2.0372807076027177,4.216481209858197,0.9167293375114174,0.9777902971309201,0.9705693712914192,0.9702771295864316,0.9686550214458763,0.9999367735626825,0.98,0.9818756806009293
2024-02-26 01:45:00,2.319717129968707,6.977839032953719,9.48365797835722,7.905643623758293,6.2603481990090115,227.0893492656045,228.51278048130123,225.88219174277268,227.1613660200431,0.5010948159012351,1.5644534808790616,2.0849496700219263,4.149301046596901,0.14521598560096388,0.2793652645379493,0.48968202119856225,0.9144472590716387,0.5287175299425226,1.593049018954311,2.1419896451346947,4.263483989956245,0.9170075328311149,0.975274759460477,0.9716415572295221,0.9719860898162217,0.9677729262493603,0.9981619003177571,0.9803014243494879,0.9818838744083721
2024-02-26 02:00:00,2.1832464328572136,12.8817630128467,7.93572554118339,11.04609892430171,7.667086389296404,227.2671001689114,228.34795439391922,225.94660576965822,227.18753967195627,0.46914177445878075,2.9020821665111267,1.7281870916121824,5.099200560074654,0.13648919855992386,0.4603180424058597,0.46614037427220467,1.0652126950264054,0.49519891541099637,2.940705427390431,1.793037182735523,5.230157576565979,0.9183518913632547,0.9872425212250365,0.9583597813041522,0.9746935146908139,0.9684245677201337,0.997762257189845,0.972755145130465,0.9774116548873127
2024-02-26 02:15:00,1.569221272765863,12.170628271087798,8.864826708744028,11.011245096840835,7.534738257420109,227.42066082917557,228.5666582956452,226.05826630960192,227.34843421154977,0.33020423810746924,2.7437647372573126,1.9396423055126504,5.013270476592669,0.12608425099730114,0.4347611480892771,0.5026499838876354,1.066152034047082,0.3552021823920299,2.781298100963369,2.0039837542920056,5.141966486282295,0.9064420566044047,0.9844233440378896,0.97,0.9750056115475771,0.9622241729912315,0.9976323714066682,0.9774934717144699,0.9785374418010291
2024-02-26 02:30:00,2.5270038888880273,10.925797444444807,7.905783333333284,9.120793666667055,7.1194089999998145,227.54945133333337,228.76477344444444,226.280737,227.53170500000002,0.5463551111110784,2.4588951111111093,1.722486888888852,4.728814555555482,0.1451093333331868,0.4234938888888896,0.47157700000007563,1.0393564444443677,0.5724509999998508,2.498071555555567,1.788475000000022,4.860057999999895,0.9245938888889195,0.9847828888889028,0.9583818888888669,0.9733257777777887,0.9712522222222281,0.9955678888888914,0.9694171111111128,0.9790696666666694
2024-02-26 02:45:00,2.3851409146964393,10.910449238494671,7.992325731234636,9.387417323010201,7.096197580511225,227.87840744731668,229.0743370843933,226.5790146524623,227.84398982437042,0.5146711249847891,2.458572967929099,1.7443067574622213,4.71802497250588,0.14896732911954555,0.42336017951768584,0.4767285795220297,1.0468598851354554,0.5421455470513336,2.4971564891857265,1.8114271431585458,4.851394816649962,0.9191675090813883,0.9854388517979642,0.9583714549151047,0.9719794710005764,0.9690767504637846,0.9961425921194426,0.9721386596163049,0.9802466146035858
2024-02-26 03:00:00,1.9428540469649807,11.078049477110978,8.099627588046644,9.754924039518459,7.040245718540224,227.9983077538591,229.21642902390505,226.73957190962534,227.98471610673363,0.4145165090407936,2.498773296584757,1.7690469099031734,4.682482524088306,0.14352585545821012,0.44232949178137937,0.48137906891465815,1.0659254731551724,0.44372345272879576,2.5416506818104105,1.8364864804792576,4.822390060123532,0.9107250419533386,0.9844088196397127,0.9582591880507796,0.9710034340583092,0.9651089674486906,0.9953240128471569,0.9738039141596561,0.9789696713750698
2024-02-26 03:15:00,1.8849851111109084,9.521984999999686,7.177073888888671,8.191586888888592,6.19453599999976,228.04035944444445,229.26625588888888,226.8265977777778,228.0443843333333,0.4020346666666343,2.1433423333332358,1.576526444444433,4.12219766666653,0.13610244444441438,0.3925467777776428,0.3899836666665958,0.9156773333331052,0.42901211111106674,2.182941444444314,1.6267359999999496,4.238898222221984,0.9136794444444435,0.9814180000000207,0.9625823333333492,0.970121777777798,0.9662676666666702,0.9959283333333339,0.9803154444444471,0.9814390000000027
2024-02-26 03:30:00,2.3234241660089543,10.091700863152331,7.173097790467012,8.68956409202584,6.529402015130581,228.28625223563918,229.44068152278965,227.06686032948602,228.2646088048079,0.5002714982392018,2.268210488896807,1.5796457414546163,4.3487762583454534,0.14866261566985042,0.42908341572334713,0.380934691565219,0.9575945078260565,0.52803974716433,2.3146477965763226,1.6285790777503726,4.472800964240899,0.9167613503816192,0.973103233761729,0.9652567791244134,0.9696575167464612,0.9676806007620646,0.9952027905219958,0.9864835201457501,0.9816931981026232
2024-02-26 03:45:00,1.4843221563006224,9.753377441504696,7.911129591360234,8.894845343644318,6.382936026487254,228.55188487434168,229.67327267071076,227.2327139301824,228.4859018287669,0.31052363175788544,2.1935280981269925,1.7513193564872676,4.25573072906263,0.12970201986533256,0.4283531097928347,0.4008347221296177,0.9583058907185185,0.3384484367708805,2.2396773548432622,1.7969814234605812,4.376009821567614,0.9075737173077352,0.9780146879096685,0.9744221496344675,0.9719858676088078,0.9638043019354253,0.9937337510832576,0.9872405172988457,0.9807097304624123
2024-02-26 04:00:00,1.3162951931091924,10.93979160877951,8.44456215615499,10.258936482355821,6.900343984440058,228.85914165045844,229.95053803834404,227.47773826062794,228.7624113364824,0.27255148652402483,2.4665109196998944,1.8694275076410514,4.607519422061697,0.13001322589608164,0.4495346485133518,0.43576938038356383,1.0145548207835349,0.3021310363989918,2.513691914420542,1.9209622672965951,4.7358500694637256,0.9013776048902455,0.9731212003334255,0.9710168380105209,0.9711523200888973,0.9609471519866587,0.9966226173937178,0.9814784106696293,0.9799055293136982
2024-02-26 04:15:00,1.2759474742537715,8.089477519913308,4.800722895581779,7.009939675379748,4.722392432204099,227.29818648417432,228.46125581860383,226.13904269383298,227.2995705064822,0.2593169875462526,1.8073922655615675,1.042302556297438,3.1085553197870754,0.12874151511449222,0.34021785742032046,0.28684623332187936,0.7568341239596361,0.29087520691457264,1.8457522802259752,1.0859684712208637,3.2219142790484216,0.8865547198737934,0.9660594580782987,0.9457105084820902,0.9540667459144835,0.9398791285703215,0.9869385533200792,0.9817894081965959,0.9681323808783191
2024-02-26 04:30:00,2.301797657933731,5.144513254671825,2.01640546185812,4.066621558562789,3.154076506010627,226.4551141035042,227.77673555096322,225.58836088705195,226.606494122614,0.4869693131568277,1.141315245650294,0.41375841610559744,2.0445956936203653,0.14965024553919812,0.2166957758371504,0.18260127102637494,0.5500826611559133,0.5210298202341466,1.1717565495633584,0.4564082394507066,2.147900584405422,0.8939132946692273,0.9205320756394045,0.9093532653378694,0.9282805590738444,0.9312360287091922,0.9358903850854358,0.956791658333891,0.9385674288380753
2024-02-26 04:45:00,1.0771519676466046,0.955983378885852,1.5657039530697967,1.24,1.2001780992378288,226.34955347421283,227.8992151634335,225.55731406795104,226.60210852609825,0.21038697420171937,0.1605060773726214,0.3,0.6723198453436442,0.12,0.15,0.18255327422616577,0.45099504477479335,0.24272970690842496,0.22,0.3508997177965936,0.8140632846699091,0.8696650223318457,0.733986512010316,0.85,0.8279474701686543,0.9050553296446954,0.7624477257071742,0.8900000000000001,0.8508486100926619
2024-02-26 05:00:00,1.244997221851851,0.9532448770947263,1.6723983197759256,2.0346332844381148,1.2902514779748422,226.21564919767084,227.79607925501182,225.47842312308308,226.49675556740902,0.25051718006845525,0.16,0.31728219318133954,0.7273823176423841,0.11892207849935547,0.15,0.20351635773660057,0.4722893052407131,0.28019569275903694,0.22,0.37732686580435737,0.8758553362670904,0.8776911365959943,0.7357180957460923,0.8385982575454555,0.8272116282170977,0.9109036760457022,0.7623595368271308,0.8742066720007078,0.8481836467084506
2024-02-26 05:15:00,1.0748383225548326,0.95166033291109,2.013072204813663,3.93,1.347563170878059,226.04471453652465,227.5763306442652,225.25757572727073,226.29275207236037,0.21009811765228747,0.16,0.3589880436473561,0.7282994421850353,0.12,0.15,0.28296130853168006,0.5468276774007195,0.2410054003600187,0.21998677689623813,0.45177145143009717,0.9129870880280851,0.8693411783007777,0.7368446785341299,0.7863535346800931,0.7963989821543662,0.9046744227392958,0.7636609107273791,0.8018974598306543,0.8250321132519934
2024-02-26 05:30:00,1.2525169735422779,0.9504612580978548,1.925577100441135,2.295604102541401,1.376498838798535,226.0191902703544,227.55949140488704,225.26892836109474,226.28237218450323,0.25217750269462375,0.16000000000000003,0.33927572144500073,0.7515133399264069,0.11870878846133312,0.15,0.2702145722445085,0.5357386685631135,0.2810528596668332,0.21997855388752402,0.43232384741035534,0.9325506428277538,0.8787170113230918,0.739016701298994,0.7811320880512916,0.8030890180347281,0.9116782416410142,0.7654983165357322,0.7921812807662836,0.8238365206182702
2024-02-26 05:45:00,1.0733432222222368,0.9501200000000004,1.9703238888888877,1.78,1.330742222222224,225.9819767777778,227.4925927777778,225.2070532222222,226.22712199999998,0.21012566666666727,0.16,0.35,0.7201506666666673,0.12,0.14993422222222305,0.27,0.5398568888888888,0.2403353333333326,0.21985922222222176,0.44032055555555655,0.9008809999999965,0.8699003333333363,0.739765111111111,0.79,0.8000228888888896,0.9062413333333408,0.767101555555566,0.8000228888888896,0.8254461111111204
2024-02-26 06:00:00,1.0810359194284902,0.9497806837245967,1.9678859422044883,1.78,1.3324981390336295,225.80796015865437,227.28095214816628,225.06841712311265,226.05246825246925,0.21219338495894433,0.16,0.35000000000000003,0.7222327152332555,0.12000000000000001,0.14871421111691713,0.27,0.535808103814147,0.2424775850767138,0.21864821624985442,0.43999999999999995,0.9021315008832607,0.8716374282000251,0.74,0.7899999999999999,0.8003627495639218,0.9088556445609772,0.7684975613007866,0.8032978546113118,0.8283505727332283
2024-02-26 06:15:00,1.243815828936399,0.9484067758955904,1.4762479311302334,1.4645631768953347,1.2224873090808048,225.62465126353786,227.02884654262704,224.91386414884752,225.85592146625933,0.2509636212163404,0.16,0.28402799222438335,0.6946034990280638,0.11887175784502937,0.14337295195778588,0.2170169397389609,0.4248860871979902,0.2792538739239173,0.21461805054151872,0.33275279089142235,0.8275686753679662,0.879005498472654,0.7400000000000001,0.8795650097195156,0.8363684532074444,0.9143062482643767,0.769707081366286,0.892930741460705,0.8584044432102269
2024-02-26 06:30:00,1.0703657967277336,0.9485754935088093,1.2155603103325883,1.1176673928507905,1.0772415747821535,225.67122643606615,227.03557231460076,225.00321314245062,225.9034493375422,0.21012348835141495,0.16,0.25851113729326175,0.6285148052640966,0.12,0.1435696025253385,0.19752467544015975,0.3485033567490713,0.24023686199537675,0.2149639871954506,0.2765957896140902,0.7287028721323182,0.8701221545438391,0.7400000000000001,0.9514548506135476,0.8600181175529077,0.9082902809888057,0.7699020762937914,0.9800090032011388,0.8858886492975306
2024-02-26 06:45:00,1.245317856151104,0.9453858372674281,1.2202234934740364,1.2178961399611359,1.1390892529852885,225.75719011385732,227.0251816717579,225.10217495140242,225.96144637600676,0.25230480422105217,0.16,0.26,0.6728733129686228,0.11864948625382143,0.14070602610385938,0.2,0.34846042765898516,0.2811022493751772,0.21148636489863082,0.27367575673423183,0.7710354901416322,0.8786578172729776,0.7396049986114988,0.9500396556512087,0.8662033879477906,0.9149165231880007,0.7694612607608997,0.98,0.8893474034990267
2024-02-26 07:00:00,1.0794797777777771,0.9598583333333333,1.1124138888888786,1.06,1.049554444444441,227.9534508888889,229.0548488888889,227.27518688888884,228.09448244444445,0.21005711111110867,0.16,0.2404507777777759,0.6167586666666605,0.12059699999999592,0.15,0.2,0.34696255555555433,0.24896966666666948,0.22,0.2539251111111086,0.7180363333333271,0.8602536666666649,0.7329835555555584,0.956635444444445,0.8599916666666666,0.9000361111111111,0.7607467777777734,0.98,0.8800222222222222
2024-02-26 07:15:00,1.0847570625236282,0.9656890266942271,1.212471049765515,1.189487008512821,1.086236580649472,228.93240725922968,230.07608477251006,228.34526683114402,229.1179254739837,0.21196717121202038,0.16,0.2660579893756531,0.6383348892000665,0.12667500166700052,0.15,0.218509257407038,0.36468226978729307,0.24786835144806407,0.2200639016692227,0.27731035095908035,0.7458418350336793,0.8606352381587432,0.7320497432819943,0.9506293480918406,0.8545793603165073,0.8986392834122269,0.7608680625013916,0.98,0.88
2024-02-26 07:30:00,1.260186184985321,0.9698349219045095,1.0371192428181129,1.5399888911107402,1.088157257437443,229.40093347997063,230.53595358706033,228.90681641449484,229.6146242973627,0.25315148081497446,0.16,0.21885600657646276,0.6383087826879305,0.12882223555288153,0.15,0.22,0.2867624252927045,0.2893957875091828,0.22002366193427986,0.23666811082227962,0.7485099646737514,0.8695035437357108,0.73,1.0222982070252653,0.8485959474771712,0.906292741451714,0.7599999999999999,1.0137067031038225,0.8774414006087679
2024-02-26 07:45:00,1.085599444444426,0.9662061111111102,0.7262256666666324,1.0901542222222016,0.9249801111110952,229.00025422222217,230.09459533333325,228.58927799999995,229.22810033333326,0.21062277777777827,0.16,0.14909255555554993,0.5275341111111067,0.1294248888888914,0.15,0.22,0.20534733333333213,0.25009799999999816,0.22,0.16403333333333334,0.6379573333333207,0.8600978888888855,0.7302007777777786,1.1002391111111063,0.8239536666666727,0.900084666666664,0.7600083333333334,1.0791841111111145,0.8626401111111122
2024-02-26 08:00:00,1.2734437343705793,0.9620673520422314,0.8400526813003624,1.2252783550985522,1.024719644345626,228.4282799666574,229.4683894415115,228.05529836065568,228.6506232842456,0.2572104473464555,0.16,0.17,0.5953404834676016,0.12602233953877484,0.15,0.22,0.18980794665185646,0.2929380383439596,0.22,0.18999999999999997,0.7037902750763859,0.8723984440122107,0.7310994165045889,1.1,0.8383186440677886,0.9090537371492028,0.760153487079745,1.0507343150875226,0.8729828285634886
2024-02-26 08:15:00,1.08047369824655,0.959235171233642,0.7921460319576901,1.0472250372246832,0.9434201168966904,228.13703813587574,229.06832488832586,227.8296205302575,228.3450374469409,0.21019045714158607,0.16,0.16102517945640968,0.5379445296353091,0.12306142631731033,0.15,0.22,0.19480887614730177,0.2498114318732337,0.22,0.17817010022890606,0.6480409805098137,0.8603342445051861,0.7344597417605657,1.1,0.8299861101851221,0.900070226904014,0.7623434895659702,1.0634111162966406,0.8670081338755915
2024-02-26 08:30:00,1.1128600628756224,0.957013075017499,0.7743264199780363,1.0937237694264745,0.9474420955576175,227.69176718248366,228.50940734733783,227.40287628167383,227.86825903420387,0.21853164331978192,0.16,0.15768970995012602,0.5394707783912647,0.12088692387162928,0.15,0.22,0.1951263622124121,0.25461913596021885,0.22,0.17340317044180162,0.6503349292927465,0.862341061331508,0.7364117575178575,1.1003162665659547,0.8314300314378125,0.9015351203634859,0.7653259867361364,1.068174718670501,0.8661625878981138
2024-02-26 08:45:00,1.2177591111111208,0.9545593333333472,0.8404371111111094,1.1656862222222173,1.0063513333333358,227.46193999999997,228.25670366666668,227.09163444444442,227.60341944444443,0.24315144444444317,0.16,0.17000000000000004,0.5747962222222239,0.12006211111111721,0.15,0.22,0.18897544444444356,0.2765158888888985,0.22,0.19,0.6850033333333443,0.8682938888888896,0.7372474444444499,1.1,0.8359556666666668,0.9060857777777787,0.7668734444444495,1.0520631111111065,0.8718657777777783
2024-02-26 09:00:00,1.0862675821611754,0.9629434704353064,0.7227657045085891,1.0905819612025789,0.9230337977468125,228.61939670688614,229.42185532075638,228.24844243717078,228.7632836699775,0.21195631402351048,0.16,0.14822367397729025,0.5243478212563579,0.12602393173788393,0.15,0.22,0.20487923027352764,0.2466928871408567,0.22000899940003932,0.1629279159167094,0.6342091638335197,0.8583984401040108,0.7338205230762382,1.1,0.8240531742328299,0.8994192609381697,0.7637635268759875,1.079372152967581,0.8607396173588396
2024-02-26 09:15:00,1.2587963333333598,0.9689674444444465,0.8412037777777709,1.210319555555592,1.022797333333341,229.26239511111112,230.09306688888896,228.9151276666667,229.42350711111115,0.2520598888888903,0.16,0.17053933333333376,0.5907736666666745,0.1288783333333248,0.15,0.22,0.19749588888888248,0.28874600000000405,0.22,0.19056888888889098,0.7031082222222248,0.8686492222222201,0.7300097777777779,1.1003815555555632,0.837019777777778,0.9064641111111074,0.7600195555555557,1.0557502222222122,0.872047111111111
2024-02-26 09:30:00,1.087784754559294,0.9655763994621034,0.8044000400084477,1.0514699769951474,0.950625909914316,228.93986786099282,229.71616774652426,228.58635600849064,229.08078049810513,0.21052511085673248,0.16,0.16335970927195784,0.5420178704393117,0.13,0.15,0.22,0.19853302363831984,0.2501027994798889,0.22,0.18136706638068167,0.6522625887687383,0.8598665273779993,0.7300355630633129,1.1,0.8278599926651177,0.9000650137251207,0.7600272279703488,1.0649664929262765,0.8677856436358788
2024-02-26 09:45:00,1.2655821263551357,1.7423207304069892,4.140382308511757,3.7517344944011892,2.3826649413539505,228.76861482583968,229.64215478940824,228.35567242758134,228.92231006753155,0.25466800693088887,0.30117291629643034,0.91837668828855,1.4770368313488158,0.12869924027011334,0.2617906966411915,0.2737010174158357,0.5289702550202217,0.2909126754931702,0.39983294828505767,0.9419415318995886,1.6333026035185805,0.8700338768437971,0.7490175715301283,1.034566043184679,0.8752392482673084,0.9071228007819501,0.8981206682068615,1.035881353296614,0.9206418828860892
2024-02-26 10:00:00,1.0850836287660732,3.208989008790159,7.36193396383681,6.499888087484645,3.885421922405643,228.4313767350885,229.1886597170514,227.8104388704282,228.47687989686713,0.21149342639001303,0.6183200897967049,1.6494466609617582,2.4811706915904153,0.12929385092407972,0.36303808581796554,0.3027057934452837,0.7932766917458872,0.2502541647681176,0.7336234316132204,1.6770092575099202,2.659712605994475,0.8606751425300921,0.7911149020348851,0.98,0.9286349340416354,0.9004438714839806,0.9884246674297895,0.99,0.9601000211155688
2024-02-26 10:15:00,1.0876268794381394,8.54423394490318,7.351308522342105,6.888598464222758,5.661003700534526,228.68731550112796,229.1833172569371,227.94010412615154,228.60363419160547,0.2111447209041307,1.8938508895729387,1.6479690399724416,3.755652372009292,0.12999033193683537,0.4984936713080825,0.30170946914553626,0.9273302810405962,0.2500215586695863,1.9583382044073054,1.6757041572671574,3.882498583128682,0.860080567193039,0.9697145143187369,0.98,0.97,0.9000214475424234,0.9897512974096271,0.99,0.96
2024-02-26 10:30:00,1.254959619635751,8.64876892655995,6.492561237072107,6.904696341883528,5.465480398582469,228.64488930114754,229.16445161577,227.95477188149172,228.58806196469638,0.2509954565147189,1.919602861618104,1.4495465401747956,3.6231516679811326,0.1288772370277197,0.4931957697819253,0.33826258900910816,0.8623853853076406,0.28856163698772386,1.9818920450127178,1.4793519145958596,3.748227485308686,0.869425010275607,0.97,1.0018973772203381,0.9672161432586299,0.9066643708550335,0.99,0.997649274042148,0.9606236461191515
2024-02-26 10:45:00,4.226544666666363,7.738434333333303,7.492938111111119,4.4949553333333085,6.48605566666656,228.4445852222222,229.132258,227.94718188888885,228.50789955555553,0.9362122222221185,1.6992162222222076,1.680071,4.316194333333228,0.18896422222205697,0.47541877777779656,0.3071185555555534,0.9700167777776265,0.9647615555553529,1.7723984444444354,1.7078894444444437,4.444385888888687,0.9323341111111325,0.9395126666666397,0.98,0.9684903333333269,0.9559021111111106,0.989788888888885,0.99,0.9767337777777768
2024-02-26 11:00:00,7.141038999999976,7.785477888889392,6.531799222221904,3.6503466666674553,7.15275433333338,228.18526288888887,229.00585999999998,227.82786222222222,228.33989544444444,1.6125614444444305,1.708837222222231,1.4568353333333623,4.778163888888917,0.23405911111111702,0.4763134444445721,0.33773733333323486,0.9547603333333559,1.6297077777777633,1.782172333333433,1.4875368888888352,4.899644777777818,0.99,0.9391346666666407,1.002176000000041,0.9737448888888944,1.0,0.9898651111111096,0.998483666666667,0.9884131111111104
2024-02-26 11:15:00,7.004270395804167,8.863826921794791,8.030231459875097,2.399175389470385,7.966295197457614,228.0811236304642,228.71046469764647,227.57955285907948,228.12383514456516,1.5802575727270791,1.9653441340533804,1.8034817876747358,5.3489047047581,0.23660221792563035,0.49593606240415944,0.2958496121963688,1.02861279640865,1.5975865057670546,2.0272505944840815,1.8274707202702327,5.452210036224643,0.99,0.97,0.9893874036046847,0.98,1.0,0.99,0.9979497522057065,0.99
2024-02-26 11:30:00,7.054887770295797,7.988444229615262,7.15363513123091,3.780038224770405,7.398959486187926,228.00843678467444,228.73633431117625,227.53077371824784,228.0917835633486,1.5914232059915077,1.7531482098805937,1.5985254572527088,4.943011978576278,0.23478876369536122,0.4837869191277796,0.31068460119557956,1.0127475165008921,1.6087273596017417,1.8283364446517016,1.6278603017978555,5.064477409604871,0.9899722203702469,0.9392032802186947,0.9821980354245975,0.9748371002511468,1.0,0.9898585461253,0.9962470831388783,0.9904869213503144
2024-02-26 11:45:00,7.405470147181237,8.926244154401543,8.183705748403215,2.7627814495973175,8.171739738961358,228.08865193001944,228.78642976950846,227.5118268258817,228.12890186059425,1.6732104415439912,1.9810473757289528,1.8189656206609224,5.473222660372095,0.22998911413495107,0.49584881977228074,0.3968076645376231,1.1224933074145833,1.689120910858065,2.0423377950569206,1.8618413773951619,5.593166120522045,0.9899992224382121,0.97,0.9799242432657601,0.98,1.0,0.99,0.9851828936406601,0.99
2024-02-26 12:00:00,7.241988929397108,7.911925573536586,7.284784478925737,3.8967068290940463,7.47940589987525,228.3832140316557,229.12993997865908,227.7946458740885,228.4359048772897,1.6378535701582801,1.7393499911079524,1.6214080561977624,4.998483683087322,0.23033334074338177,0.4782500444602416,0.34462475546853527,1.0532189222834056,1.654098790681127,1.8131590120931829,1.65978803574601,5.127064956428907,0.9899909967988613,0.9398428330072616,0.9745014894184776,0.976205984349984,1.0,0.9898479459363311,0.9903992530677592,0.9900118931175523
2024-02-26 12:15:00,7.2905995555555245,8.806009888888834,22.785193555554955,15.338981888888082,12.960471666666441,228.5474895555556,229.32340055555557,227.29954288888894,228.39026544444448,1.6486776666666434,1.9127428888888784,4.896669555555616,8.458119555555578,0.23939933333332755,0.6156921111111168,1.6395625555554119,2.4947402222220827,1.6664817777777594,2.018938222222218,5.17292188888887,8.858302333333286,0.9899451111111105,0.9336214444444334,0.9574044444444524,0.961665555555561,0.999863888888889,0.9603652222222157,0.965519444444447,0.9742549999999982
2024-02-26 12:30:00,7.148047888888904,9.857706666666711,35.021532222221836,25.809510666666316,17.342612999999886,228.7241018888889,229.67826622222228,227.1018407777778,228.5013842222222,1.6173090000000083,2.1267690000000163,7.501254666666583,11.245253888888845,0.23938633333332449,0.7650166666665568,2.641948444444408,3.646486888888741,1.6349700000000096,2.2632841111110458,7.953538333333248,11.85154033333318,0.9899722222222223,0.9325750000000258,0.9420087777777755,0.9478831111111187,1.0,0.9549724444444485,0.9484138888888889,0.9674858888888925
2024-02-26 12:45:00,7.503228207378418,8.356944200669028,27.595026050055978,19.609172396938582,14.484970284051187,228.54198480320827,229.45185749675068,227.21873571134984,228.40412868394452,1.69607149601749,1.8202973816638492,5.889427676379394,9.406042946489007,0.2520526777680207,0.5705654361858277,2.1415303435940967,2.9631550006110756,1.7148470878370043,1.916618380564171,6.268577744698292,9.900306601939604,0.9899812261855836,0.9297500527666033,0.939132405381089,0.9495939746053528,1.0,0.9802622779635383,0.9406867439096186,0.9751280285273098
2024-02-26 13:00:00,7.461427523588435,8.694703548526578,25.93159600360079,18.148768962336515,14.029228170391459,228.11296773763348,228.95891499316528,226.85218357208745,227.9747892332826,1.683991953856957,1.924974383480893,5.568758071148354,9.177764083528716,0.24521398962002575,0.4951117458129861,1.8962485413587242,2.636366232871352,1.701838499238761,1.9901974861358949,5.882588879874642,9.57470788277522,0.9899908869650266,0.9607264867027405,0.9494116535713114,0.9590249052577767,1.0,0.99,0.95,0.98
2024-02-26 13:15:00,7.402134697868761,8.353120985843688,25.20528390781601,17.720995733048717,13.653515678823076,227.91634564526524,228.69295486365758,226.55996288641464,227.7230292019468,1.6698599906660447,1.8406823788253122,5.4017190034891005,8.91187334711208,0.24298308776139313,0.4878414116496782,1.8490791608329444,2.5809947329822016,1.6871760339578203,1.9113886481321583,5.710461475209437,9.308871813676515,0.9899909993999607,0.9487955863724311,0.9467324488299225,0.9560906282641067,1.0,0.9898486565771025,0.9474812765295445,0.9785703491343837
2024-02-26 13:30:00,7.657460666666742,8.231934555555604,25.976938444444574,18.31245988888898,13.95537388888898,227.85111466666663,228.70331877777772,226.50874055555553,227.6876312222222,1.7279927777777955,1.8062042222222934,5.564123888888917,9.098386000000131,0.24098522222223565,0.49677333333337836,1.910424666666674,2.6483853333334193,1.7447803333333538,1.882048444444535,5.883810555555594,9.510819000000147,0.9899338888888856,0.9412696666666707,0.947370888888889,0.9556165555555529,1.0,0.9883113333333309,0.9480578888888884,0.9786618888888883
2024-02-26 13:45:00,7.470020995567593,8.212509803485625,26.728269254268515,19.16386040724751,14.137105166686906,227.80760461680316,228.753380286384,226.5076364989614,227.6894124573701,1.6843841855608224,1.8024184894299595,5.740792055010526,9.227570290716272,0.24048445328207824,0.49629489330021653,1.922558793143612,2.6594974394293076,1.7016959752940959,1.878168386673852,6.054417511858517,9.634980170852653,0.9899861140425911,0.9404370188516078,0.949302258412115,0.9579237716482191,1.0,0.989771159421904,0.9498591408480427,0.9797040624757007
2024-02-26 14:00:00,7.600013553748432,9.155337177265269,26.216785206417228,18.254688819268804,14.324201773097036,227.75696918188686,228.6264293649735,226.4809342087721,227.6214558058925,1.714264320312866,2.031475914322533,5.634751588677112,9.380447162600607,0.23703561747328059,0.5043686397369238,1.8687599431187885,2.610178976136664,1.7307436786206638,2.0931799093454124,5.9373957916723015,9.761050637692863,0.9898420210638494,0.97,0.9473631293605222,0.9591705550370992,0.9999910011998394,0.99,0.9527772963604838,0.9799771141625555
2024-02-26 14:15:00,7.58911110370268,8.517658910076722,14.041694225895897,9.198370116014893,10.049510934790923,227.65094201449085,228.50635273592033,226.97397175178918,227.71043872516339,1.711110925901218,1.8739558607814788,3.059854313908441,6.644541938925145,0.23950526736899008,0.4902220296038461,0.8841007689915273,1.4875120016002183,1.7274891096590597,1.9454627283637411,3.182316975596744,6.855090789883042,0.9899861092590123,0.9436858247766607,0.9889406365292819,0.9698204205005057,1.0,0.9907818820287173,0.986222162955061,0.9933644485931459
2024-02-26 14:30:00,6.180006776347316,11.365427631944257,8.984851086992723,5.801255623812676,8.843318299470099,227.50532076561612,228.00444650573766,226.83024328197385,227.44662260189514,1.374062697874907,2.5335651362489635,2.006679367689035,5.914722669658587,0.2551793510259271,0.5276664926291998,0.3550261611437532,1.1380679634298396,1.4053245425965923,2.590261389262147,2.037895666470407,6.03371232739745,0.9560686077383671,0.975411968584425,0.9843518590519833,0.979752274519832,0.997155378309024,0.9927991868383353,0.9929424899187964,0.9969527544185095
2024-02-26 14:45:00,2.0961739729682525,14.794449693224445,6.649740907878272,12.131902009603506,7.846777298595115,227.53315000889202,227.70261492975283,226.6317426195981,227.2889301751734,0.4243531033256553,3.323181464520723,1.471534323315007,5.219254623866346,0.21189823048194414,0.5474997776987757,0.4048636181753931,0.9485262537792553,0.4768747776987642,3.369694780366365,1.5075095589544056,5.354172928152369,0.881674150809179,0.9879467143873367,1.0118031966921726,0.9739430686466375,0.9883150675795856,0.9999680997688067,0.9929667215009783,0.9909807931709063
2024-02-26 15:00:00,1.937646059178981,14.928262950950572,14.174114092766628,17.27416885107478,10.346789919139672,227.78472809667673,228.29304236271545,226.62609505509153,227.56796583437,0.40139816953971413,3.361986071618995,3.077556202239086,6.8407097476451755,0.20037420028434275,0.5514638128663972,0.9089269370891553,1.251541451928174,0.441580215923225,3.4081723165096407,3.205387973165102,7.055371201350591,1.0507646170250693,0.9878470988093293,0.9861138261951085,0.9722292073929214,0.9979592811444794,0.9999506842011735,0.98119179847165,0.9931907543984352
2024-02-26 15:15:00,1.8779374534623656,14.998108934109014,35.60434024960813,32.97044476056056,17.493596425912322,227.8078947777864,228.51089718940662,225.76668996788214,227.36200975761548,0.39585590291284634,3.380207821651312,7.643709005234405,11.419841188695449,0.2,0.5567912114780968,2.4853142330047704,2.887681288272115,0.4274405707871865,3.427260532779273,8.038193062979945,11.893008746291,1.082924395150082,0.9879377868661016,0.948919216278991,0.9600747935675256,1.0,0.999959102477189,0.95777830875407,0.9811424634089397
2024-02-26 15:30:00,1.717631500016807,15.048333462934819,27.27705862095799,26.30978593408059,14.680954576255985,227.795888756818,228.43753163221103,226.05253324298204,227.4285184238883,0.353277752474503,3.390806163143221,5.897623390617581,9.641547340005957,0.17336884435509126,0.5598713604903799,1.7556179251046835,2.4254139681621103,0.39133982825851493,3.4383253535362788,6.159953232095487,9.989591530676726,0.9532066563725285,0.9874768659949759,0.9652895499838968,0.9662864506382057,0.9871433808418244,0.9999527877448107,0.9685684133349626,0.9836747797687175
2024-02-26 15:45:00,1.7379280410812692,14.83449159701214,8.85661157300387,12.032459318868867,8.47640338787124,227.87915103147787,228.28868019740352,226.84630702027385,227.67146185310332,0.3608495242752932,3.341437511115104,1.977819558065109,5.680296105281933,0.1623358305175097,0.5458296283121757,0.3761126178197123,0.9592565134269302,0.39619698114885415,3.3873729548283604,2.0086260670461065,5.792140538858286,0.9115358794237995,0.9874337542237396,1.0011596345367146,0.9784095456162246,0.9838983860928326,0.999959541170195,1.0014867508447436,0.990243197581361
2024-02-26 16:00:00,1.923668555555583,14.81652488888898,8.491629666666109,11.980290777777666,8.410836888888749,227.94066966666668,228.43496044444447,226.9895838888889,227.7885257777778,0.40128022222223225,3.3369586666666846,1.8940470000000296,5.6320322222222785,0.17120077777776557,0.5543265555553979,0.36784244444439607,0.9734538888886856,0.4382490000000068,3.3837495555554957,1.9263775555555296,5.748715888888815,0.908706333333338,0.9869740000000184,1.0018061111111312,0.9786584444444639,0.9873353333333366,0.9999591111111118,1.0014819999999987,0.9907431111111099
2024-02-26 16:15:00,1.7410606228896468,14.814559489959144,8.054489625910701,12.14153256619876,8.20367780344764,227.98423716012093,228.43326639417094,227.0632758352586,227.82708237071267,0.3573014039452616,3.3382480673538364,1.7953143326816419,5.490999866713998,0.1726332859427782,0.5503459880931292,0.3722954060778214,0.9802039274923863,0.39689154967123447,3.385011773591623,1.8286180469165465,5.610495490492168,0.9005242580415731,0.9873142882530688,1.0028604274036124,0.9770206148924878,0.9839317131686511,0.9999575706415502,0.9996395725964093,0.9899960014217156
2024-02-26 16:30:00,1.8245181620131572,15.511717833006934,7.999736128401622,12.524252734305245,8.445209852391969,228.25774808820915,228.71947247910373,227.34948203805791,228.10886159523386,0.3827184109906138,3.5011646363150533,1.784749244175786,5.668462786768661,0.15888904943979493,0.5663991641472464,0.37433398541701285,0.988164569624775,0.416200871420983,3.546948581717856,1.8178500133381412,5.781103170016025,0.912885581540108,0.9882032500444563,1.0026500533523384,0.9788891605904458,0.9816588120220611,1.0,0.9927449759914605,0.990720478392318
2024-02-26 16:45:00,1.649965787281305,15.022499416829204,7.909833046375928,12.360137406276241,8.194032102193987,228.54386359344628,229.0354522632602,227.58306681477373,228.38744048875316,0.3423746737017512,3.3934623715635186,1.7661430713691253,5.5016990835880035,0.15775129130796547,0.5598312690919157,0.38032557622871865,0.9829139683420131,0.37676923076922586,3.4403500138850873,1.7994068314356821,5.616853873923936,0.9073401832824222,0.9871547903360176,1.001696639822256,0.9782186059427951,0.9810038322688129,0.9999513468480977,0.9916078866981395,0.9899916689808387
2024-02-26 17:00:00,1.5864541938925285,14.522579232786649,7.8363928523798965,11.735510845890545,7.981578321553869,228.94923689825316,229.46077221407307,227.96496788460692,228.79171556207504,0.32796061697115536,3.2850522291861277,1.7531244165888478,5.36539860870337,0.15720729430591332,0.5526836911588238,0.3756469751521084,0.9755486287058821,0.3632310974796718,3.332880717428999,1.7860090234252173,5.482250411165824,0.9012480552962687,0.9862677245855043,0.9996023914299954,0.9763331777570489,0.9845803884962445,0.9999445481619773,0.9914946437302739,0.99008201093479
2024-02-26 17:15:00,1.6827644091899125,14.337879949340154,7.825573701283923,11.511254499400211,7.948792049948805,229.07396780429278,229.708162245034,228.14953306225837,228.97713027151937,0.35312936052970256,3.245262742745422,1.750209305425953,5.348177798515765,0.1497540327956271,0.5583582189041394,0.37998300226636544,0.981141958849925,0.3853423987912698,3.2943785273074764,1.784326089854694,5.464039572501453,0.9078120695018487,0.9852498555748166,0.9951047638092712,0.9769475181086965,0.9876597564769074,0.9999173443540867,0.9916347820290631,0.9910223081366918
2024-02-26 17:30:00,1.5089371916255576,13.864660621416206,7.85486942703467,11.574410032448629,7.742915833222205,228.98252555896346,229.68794794861537,228.0993739165222,228.92326354625064,0.29581877583678207,3.1337965062009108,1.7559313464017863,5.185657865493318,0.17687547228519443,0.5519979330578928,0.3834412366092265,1.0061203716051663,0.34566631106370405,3.182873827621621,1.7913616259945424,5.319860203582838,0.8584936880472959,0.9844730408498771,0.9944650397831163,0.9751042361203749,0.9759592390096458,0.9976359070098223,0.9916284393474702,0.9885789216339931
2024-02-26 17:45:00,1.7878960291536248,13.666759438259618,8.047081083483402,11.089810345977092,7.833731973424004,229.04750283314445,229.84364853454218,228.1927652600938,229.02825178321444,0.35856387351954166,3.092358398328928,1.797394284825453,5.248501544341418,0.1914392373841736,0.5480091327243303,0.3900453303113832,1.008543319334158,0.40963835744283655,3.1418824300600807,1.8355842943804008,5.387302957580497,0.8654609692687056,0.9842182743372788,0.9983854409705843,0.9745369197609087,0.9825547185743208,0.9963272448503487,0.9996394684798706,0.9907103970846383
2024-02-26 18:00:00,1.4878392222222354,13.622308111111185,7.997628999999977,11.246262000000145,7.702511888888909,229.19819122222222,229.86270800000003,228.12084088888886,229.0605977777778,0.29310655555556425,3.079895777777794,1.7900101111111024,5.163695555555566,0.17313366666667734,0.5590459999999872,0.37622922222221705,0.9964791111110994,0.3411116666666685,3.1318051111111274,1.8244496666666508,5.297186777777798,0.8605570000000012,0.9837535555555783,1.0005486666667067,0.9758135555555798,0.9740130000000031,0.9932178888888901,0.9983492222222228,0.9899270000000019
2024-02-26 18:15:00,1.480703898325673,13.29347483141378,7.39348049726244,10.976575494651467,7.389170230967092,229.01787030762225,229.75848121937943,228.04193994200838,228.9395186250875,0.30495950584912196,3.0026866119338855,1.6489099352315273,4.955305344783517,0.14407963294190676,0.5476377856533179,0.40252552409106634,0.8753556708477779,0.3382421428015645,3.0532730827770616,1.685124926399549,5.077433481830527,0.8848054169953233,0.9836153666692413,1.0134541677313205,0.9749496183884411,0.9659080355059868,0.9950599357870538,1.002749158454888,0.9827446035572709
2024-02-26 18:30:00,1.230405112531244,12.830279299805023,8.031366601834023,10.422402000555664,7.36415093081401,228.79320066685193,229.67573737149212,227.91307785495974,228.79394531814395,0.25081033620449905,2.8939332036676375,1.7957601555987763,4.9398152820227335,0.12750430675188407,0.5415226451790871,0.3748571269797828,0.917673464851277,0.28230930814115324,2.9454550708529004,1.8311729924979332,5.057844401222465,0.8900402333981611,0.9825908307863449,1.0028320088913476,0.9751796610169535,0.9548975826618509,0.992776437899417,1.0015624340094453,0.9801465962767455
2024-02-26 18:45:00,1.3005901570122376,13.505495094063393,8.929547409243069,11.459269609858973,7.911860144678147,228.80868489771436,229.73611636460618,227.82398608780682,228.7895774115765,0.2712877668263075,3.050786727856635,1.990502816885794,5.312492082717603,0.12200826730968062,0.5594829597857738,0.410678941695439,1.0919229273387883,0.2976863756069883,3.1028706677186153,2.0353686397831137,5.435924460791437,0.9097584256553276,0.9832306957207766,0.9770158790128168,0.9762022601757927,0.9686035580545085,0.9917598035402765,0.9899787761270342,0.9845479092818344
2024-02-26 19:00:00,4.937442043876085,11.930473090808396,8.239255095806849,8.658234823660456,8.369106026103792,228.72820627603443,229.78313301860592,227.99932118855872,228.83683810052761,1.1090548181060573,2.6800618717022653,1.8270793668424101,5.616809997222805,0.1817666203830553,0.530099972230081,0.4200469869481021,1.1323242432657517,1.127990002776871,2.7410663704526845,1.8782949180782236,5.747205109691563,0.9706415995556777,0.9600096639822077,0.9707071369063713,0.9736895306858859,0.9998750347125799,0.9916913079700072,0.988066092752015,0.9911887808941975
2024-02-26 19:15:00,6.484173279100226,10.21443822097779,9.002341468293581,5.605236602876332,8.567144873419176,228.69050965748707,229.90259185170365,228.03358649507683,228.87561667889133,1.4638078726856614,2.284548576382073,1.994182058633942,5.7428286768466155,0.21161343379783254,0.5077604409771836,0.47364772954598294,1.1928074503791393,1.4817571292036094,2.3474931652998787,2.052353915227518,5.881652552732944,0.9801493632059727,0.9667095641350496,0.9690482540952491,0.9739666822253269,0.9999499899979997,0.9921034206841333,0.9819921762130179,0.9899007579293618
2024-02-26 19:30:00,6.333542194373294,11.157588321557592,9.03201150957642,6.503065924542719,8.841202839621255,228.90150246633786,230.0153599520065,228.192495889437,229.03644702928503,1.4238106030306115,2.509267431009194,2.0012451673110068,5.934195773896698,0.22996644891778475,0.5107531218059819,0.48050359951994587,1.2207621206058759,1.4478631737988747,2.565235079767168,2.0607524552280987,6.073747389236748,0.968369439630292,0.9760021997067008,0.966666666666696,0.9735534151002293,0.9993190907878972,0.9956909078789494,0.9819222992489893,0.9899275652135281
2024-02-26 19:45:00,5.75802278410589,10.595356599054313,8.117993109197485,7.486758766323174,8.157216226729211,229.25583562100587,230.34943839955542,228.48295126424,229.3625454848569,1.2921986107251375,2.3726116143371705,1.7926038343985493,5.457298805223583,0.22528835787701676,0.5136835787717199,0.4569856071131662,1.1953385940536487,1.319874520700031,2.440384217838042,1.853347818838703,5.613660016671024,0.9614719644345696,0.9505465962767182,0.9582945262572877,0.9672706863017394,0.9979617671575449,0.9934005001389271,0.9816769102528469,0.9898638510697403
2024-02-26 20:00:00,5.324205445517678,10.835559604084542,8.666753796420773,7.500642419933511,8.275570601762388,229.66619569202058,230.65336551172535,228.76415023495042,229.6944393961275,1.1945056043725324,2.4387617058622113,1.9190513113898524,5.552192314956001,0.21698585854096242,0.5145382641443875,0.4827950765949459,1.2145552605562526,1.221926926537839,2.4997840455905624,1.9832197647163488,5.705108588187251,0.9582989146735911,0.9644128461769023,0.9592489363356691,0.9734993723547185,0.9987724813650453,0.9926263344405034,0.9800418800475418,0.9899064641908913
2024-02-26 20:15:00,5.542678198462734,9.87764831355881,8.56052015286865,6.302076945297353,7.993813602631118,229.6777868506422,230.796334155446,228.7542046616007,229.74273830155985,1.2463138248233214,2.2187856063636575,1.8960269741812332,5.360767786517394,0.213082811180862,0.508838377105463,0.4793674176776553,1.2012722748081386,1.271198062480612,2.2801080966983602,1.9580839221437352,5.509757921166291,0.9588667066613004,0.9740653468426231,0.9614822468115367,0.9740364618050663,0.9973814602497386,0.9914532506776867,0.9798889037017287,0.9899104563835914
2024-02-26 20:30:00,5.942032589002499,11.080826840357046,8.591342462403183,7.82381920439268,8.538042659138151,229.91288866165016,231.0153040491724,228.93958029988107,229.95611243872887,1.3410728139691812,2.4933393724505373,1.9034806433326974,5.737664862341438,0.22193577787887303,0.5247813135635887,0.48080072024802767,1.2281540308326435,1.366016516800069,2.557656748435601,1.965688626082286,5.8892228434236875,0.9697425779991192,0.9567926730318265,0.9614191554868751,0.9724130533850625,0.9998011537307345,0.9900975891696019,0.9798914070402037,0.9898450577421131
2024-02-26 20:45:00,5.426514756028428,9.172671302106862,8.54249913918591,6.849073208117225,7.7139159844943235,229.99734835778793,231.21136975041932,229.01650742522023,230.07499583476806,1.2219194499671604,2.0490190045652383,1.8930548366673665,5.163768701891638,0.21743399495717605,0.4928163632529617,0.48323110928458113,1.18847241505728,1.2489662449599366,2.1209708878056106,1.95631138163521,5.3265474114473355,0.9622199020337541,0.9429573147026862,0.9620677322255657,0.9693421154935434,0.9987344359165222,0.9903803134475876,0.979882707067565,0.989849385211761
2024-02-26 21:00:00,5.034425655781512,10.403476840691077,8.401615985423255,7.232425033609442,7.946697034675072,228.6902020953926,229.79588332018622,227.61334440654616,228.70000677725065,1.122439810237024,2.336096748030841,1.8520918373014972,5.310583176864129,0.21084282333595877,0.49809881453677257,0.4611026920127504,1.1666023753708683,1.1508960414190308,2.3923738153700973,1.9108907085003326,5.454490761829733,0.9548566222626873,0.9761006366171598,0.9626644594309237,0.9732630795382475,0.9986757696623549,0.993252858111035,0.9796218071927708,0.9899084515648757
2024-02-26 21:15:00,5.034997944009752,9.46805947922314,7.242516531268253,7.264079527900263,7.2484817906001116,228.0780120247608,229.21283081983978,227.07582723019306,228.12215445482937,1.122217023593765,2.1031766706304427,1.5808122825930897,4.806168857869938,0.20246185305785877,0.49209344194884924,0.4325846567609331,1.127196852668936,1.1484725664305675,2.169924206221284,1.6436964470278168,4.962354497060451,0.9553702448294479,0.9522751469754748,0.9500855736211231,0.9663749013680908,0.9967314210777873,0.9939865082628562,0.9764086862782142,0.9887598493015184
2024-02-26 21:30:00,4.9735626360923,11.251388703728825,8.138202795182151,8.566684886459708,8.121093076478383,228.12578556192508,229.21156434697593,226.9992548771275,228.11225403279565,1.1089458072256861,2.5141058969915444,1.7859055459271533,5.409429409412029,0.19303870594998557,0.5204968226458911,0.4603706172508701,1.1744819579607035,1.1325843220901461,2.5811189619162196,1.846831644669436,5.5609394302978234,0.9610950762121222,0.952185153090701,0.9598195796116398,0.9697484779807523,0.9947098164689198,0.9972660311958421,0.9769199662267292,0.9881512465004649
2024-02-26 21:45:00,4.36075121127262,9.461599102102275,8.584473485353804,6.2642454549494255,7.468842956838693,228.37490576521316,229.53487553896076,227.25107236520424,228.38699604391695,0.9680145130461576,2.113460128017179,1.8935038005066944,4.974988776281331,0.18284915766550547,0.4923929857315728,0.45581833133317484,1.1322330755214725,0.9937180512957213,2.173017513446421,1.9501086811575281,5.116370849446829,0.947113504022751,0.9730676312397059,0.9659335689202663,0.9731125261145681,0.9880177356980943,0.9928113748499798,0.979927212517224,0.9860911454860622
2024-02-26 22:00:00,4.660630138204873,9.73838321557092,7.582412900502171,6.658610407500562,7.32711816202309,228.62793349775592,229.82825723236914,227.59475003332892,228.6837008398881,1.0386812869396438,2.1776438697062477,1.665796782651152,4.881596453806218,0.19065346842660735,0.4965624583389252,0.4355542594321386,1.1227694085235749,1.0635831889083502,2.236819757365688,1.7250743234235513,5.02546682664556,0.9528652846286894,0.9738761498466809,0.9559354308314241,0.9717201039861192,0.9901701995289577,0.9932655645913872,0.9786571790427944,0.9863429320535047
2024-02-26 22:15:00,4.8100538960753605,10.208216873360207,9.70240465395473,8.196769791527636,8.240233475574698,228.68728030404048,229.8552507000934,227.6290214250789,228.72391629995107,1.0693598035294243,2.2827954838421265,2.1315482064277043,5.483807841045561,0.20334677957071337,0.49753389340817766,0.5669168111303321,1.2685857003158316,1.0977050273371165,2.345279259456778,2.210512401653679,5.653709605725432,0.9470018224652131,0.9613063964083653,0.9609506823132211,0.9684321242832303,0.9912618349113298,0.995466173267543,0.9824030981908725,0.9871581766457752
2024-02-26 22:30:00,4.3708395547262295,8.786807647869159,8.18997944718419,6.54940130204825,7.1158736612894575,226.9181890192419,228.0737764964672,225.9443229791584,226.97885204195,0.9643023152468743,1.9373357996710872,1.7925802115273854,4.694544838465955,0.1894227436339924,0.46116095631678933,0.4505699240100342,1.10051026529753,0.992687641647658,2.0036191841086226,1.851400479935956,4.847590654579057,0.943172688086048,0.9493636404035286,0.9614205883660241,0.9658124472292953,0.9871149402301973,0.994176332044622,0.9780438163800426,0.9856513575967694
2024-02-26 22:45:00,4.404031786606084,8.87439833287111,8.140037343706577,6.8531448735757285,7.139473853848145,226.32495482078355,227.48289713809385,225.42342150597383,226.41039922200608,0.9673768268963456,1.9567253125868294,1.7781542650735997,4.702537260350041,0.19304262295069427,0.46631875520980015,0.4387758821895538,1.097869408168882,0.997392831341952,2.0206367324256767,1.8344365657127113,4.852091692136637,0.9346669630453178,0.9538049458182812,0.9598310641845039,0.9690450680744789,0.9795346485134773,0.9930133926090567,0.9782532925812735,0.9844171158655188
2024-02-26 23:00:00,4.535684999998831,10.899517111112717,6.144625000000482,8.850496000001254,7.193357111111417,226.6182433333334,227.62929544444444,225.664515,226.63735688888892,0.99706055555537,2.4178076666668136,1.3293554444445115,4.744866111111146,0.19972733333316478,0.485145777778074,0.3730900000000851,1.0570371111113177,1.0264922222219486,2.478361111111379,1.385697444444551,4.8910597777778895,0.9337677777777879,0.9542784444444425,0.9427614444444344,0.9669034444444412,0.9805745555555525,0.997092111111109,0.9743476666666644,0.9825238888888891
2024-02-26 23:15:00,4.815451617202752,8.996721943308792,2.6980799049227047,7.945109405544743,5.50325162164555,226.8610697307624,227.85506697618627,226.0208691354185,226.9123841523014,1.0596174693441847,1.9845597121024003,0.5570859250044429,3.600957215212363,0.2024531277768202,0.45795572685266234,0.24790685534032122,0.9082540652212734,1.0910681757597163,2.0500895237249295,0.6099141416385339,3.750580682424053,0.9382215212368922,0.9404562822107548,0.91309345566021,0.957637728807528,0.984068553403234,0.9947475342100608,0.9683091567442701,0.9825362093477937
2024-02-26 23:30:00,4.522769622277737,10.644458088390806,2.6268714369853083,8.721285519019675,5.931251180725834,227.1000080011557,228.06045339882425,226.2387041461544,227.1330960027559,1.0003905008499638,2.3711905052952167,0.542420571860369,3.913778768044117,0.1947530198804912,0.4856690410837537,0.24130896685076775,0.9229412026180516,1.0289248446995443,2.4255840288041917,0.5937152033071372,4.0491260959914195,0.9401716914666158,0.9730515518908168,0.912139975774278,0.9662153422161281,0.9785813506395417,0.9948697034016021,0.9552083078666924,0.9757902808183448
2024-02-26 23:45:00,4.275508166409628,9.286148782743417,2.6365888443759733,7.754390138675228,5.399775654853779,227.15876252696458,228.23800271186437,226.38737627118644,227.2612334052388,0.945892388289724,2.05401503852092,0.5436724807396086,3.544296579353029,0.17811414483806062,0.470344036980258,0.24341275808936952,0.8922105392913531,0.9706277966101343,2.119198274268397,0.5953683821263455,3.6868819722652733,0.9408748228043556,0.9466354391371017,0.9123372573189592,0.9540945454545331,0.9764165177195747,0.9945187057010724,0.9506159630200363,0.9717759013867482
