datetime,PARAM_PV,PARAM_PL,Buy_rate,Sell_rate,Pnet,u1,s1,Pchg_1,Pchg_2,Pdchg_1,Pdchg_2,xchg_1,xchg_2,xdchg_1,xdchg_2,soc_1,soc_2,upper_bound_Pchg,upper_bound_Pdchg
2023-03-16 00:00:00,0.3074375,1.826289103313407,2.6,2,-19.92682457609508,12.952435974461801,0.0,9.20398648639084,9.203986486390832,0.0,0.0,1.0,1.0,0.0,0.0,20.0,20.0,0.0,0.0
2023-03-16 00:15:00,0.3074375,1.8302156414444444,2.6,2,-19.930751114226098,12.954988224246964,0.0,9.203986486390821,9.20398648639083,0.0,0.0,1.0,1.0,0.0,0.0,21.74875743241426,21.74875743241426,0.0,0.0
2023-03-16 00:30:00,0.3074375,1.606555349527186,2.6,2,-19.707090822308835,12.809609034500745,0.0,9.203986486390823,9.203986486390832,0.0,0.0,1.0,1.0,0.0,0.0,23.497514864828513,23.497514864828517,0.0,0.0
2023-03-16 00:45:00,0.3074375,1.810593637262636,2.6,2,-19.911129110044275,12.94223392152878,0.0,9.203986486390814,9.203986486390825,0.0,0.0,1.0,1.0,0.0,0.0,25.246272297242776,25.246272297242772,0.0,0.0
2023-03-16 01:00:00,0.3074375,1.804457520888889,2.6,2,-19.904992993670525,12.938245445885844,0.0,9.203986486390814,9.203986486390825,0.0,0.0,1.0,1.0,0.0,0.0,26.99502972965703,26.99502972965703,0.0,0.0
2023-03-16 01:15:00,0.3074375,1.789209679111111,2.6,2,-19.88974515189275,12.928334348730289,0.0,9.203986486390814,9.203986486390825,0.0,0.0,1.0,1.0,0.0,0.0,28.743787162071285,28.743787162071285,0.0,0.0
2023-03-16 01:30:00,0.3074375,2.1288529211435687,2.6,2,-20.229388393925205,13.149102456051384,0.0,9.203986486390814,9.203986486390825,0.0,0.0,1.0,1.0,0.0,0.0,30.49254459448554,30.49254459448554,0.0,0.0
2023-03-16 01:45:00,0.3074375,3.772896273444445,2.6,2,-21.873431746226085,14.217730635046957,0.0,9.203986486390814,9.203986486390825,0.0,0.0,1.0,1.0,0.0,0.0,32.241302026899795,32.241302026899795,0.0,0.0
2023-03-16 02:00:00,0.3074375,3.572229019555555,2.6,2,-21.672764492337194,14.087296920019176,0.0,9.203986486390814,9.203986486390825,0.0,0.0,1.0,1.0,0.0,0.0,33.990059459314054,33.990059459314054,0.0,0.0
2023-03-16 02:15:00,0.3074375,3.106696947777778,2.6,2,-21.20723242055941,13.78470107336362,0.0,9.203986486390814,9.20398648639082,0.0,0.0,1.0,1.0,0.0,0.0,35.738816891728305,35.738816891728305,0.0,0.0
2023-03-16 02:30:00,0.3074375,2.85931609441154,2.6,2,-20.959851567193173,13.623903518675563,0.0,9.203986486390814,9.20398648639082,0.0,0.0,1.0,1.0,0.0,0.0,37.487574324142564,37.48757432414257,-3.8258158408536386e-14,0.0
2023-03-16 02:45:00,0.3074375,3.033381748686097,2.6,2,-21.13391722146777,13.73704619395405,0.0,9.203986486390852,9.203986486390818,0.0,0.0,1.0,1.0,0.0,0.0,39.236331756556815,39.23633175655682,3.169961696707301e-14,0.0
2023-03-16 03:00:00,0.3074375,2.887978455888889,2.6,2,-20.988513928670532,13.642534053635847,0.0,9.203986486390821,9.203986486390821,0.0,0.0,1.0,1.0,0.0,0.0,40.98508918897108,40.98508918897108,0.0,0.0
2023-03-16 03:15:00,0.3074375,2.8781658195555564,2.6,2,-20.978701292337213,13.636155840019189,0.0,9.203986486390821,9.203986486390832,0.0,0.0,1.0,1.0,0.0,0.0,42.73384662138533,42.73384662138533,0.0,0.0
2023-03-16 03:30:00,0.3074375,2.913405147777778,2.6,2,-21.013940620559428,13.65906140336363,0.0,9.20398648639082,9.203986486390832,0.0,0.0,1.0,1.0,0.0,0.0,44.48260405379959,44.48260405379959,0.0,0.0
2023-03-16 03:45:00,0.3074375,2.9667756782853134,2.6,2,-21.067311151066964,13.693752248193528,0.0,9.20398648639082,9.203986486390832,0.0,0.0,1.0,1.0,0.0,0.0,46.23136148621385,46.23136148621385,0.0,0.0
2023-03-16 04:00:00,0.3074375,2.896964965444445,2.6,2,-20.997500438226094,13.648375284846962,0.0,9.20398648639082,9.203986486390832,0.0,0.0,1.0,1.0,0.0,0.0,47.9801189186281,47.9801189186281,0.0,0.0
2023-03-16 04:15:00,0.3074375,2.793574303603373,2.6,2,-20.894109776385022,13.581171354650266,0.0,9.20398648639082,9.203986486390832,0.0,0.0,1.0,1.0,0.0,0.0,49.72887635104236,49.72887635104236,0.0,0.0
2023-03-16 04:30:00,0.3074375,2.688777691153756,2.6,2,-20.789313163935407,13.513053556558015,0.0,9.20398648639082,9.203986486390832,0.0,0.0,1.0,1.0,0.0,0.0,51.47763378345661,51.47763378345661,0.0,0.0
2023-03-16 04:45:00,0.3074375,2.669129106777778,2.6,2,-20.76966457955943,13.50028197671363,0.0,9.20398648639082,9.203986486390832,0.0,0.0,1.0,1.0,0.0,0.0,53.22639121587087,53.22639121587087,0.0,0.0
2023-03-16 05:00:00,0.3074375,2.590981037555556,2.6,2,-20.691516510337205,13.449485731719186,0.0,9.20398648639082,9.203986486390832,0.0,0.0,1.0,1.0,0.0,0.0,54.97514864828513,54.97514864828513,6.279599156323566,0.0
2023-03-16 05:15:00,0.3074375,2.698846373181923,2.6,2,-8.24018353331645,5.356119296655693,0.0,2.924387330067255,2.9243873300672725,0.0,0.0,1.0,1.0,0.0,0.0,56.72390608069938,56.72390608069938,0.0,0.0
2023-03-16 05:30:00,0.3074375,2.640779793333333,2.6,2,-8.18211695346786,5.318376019754109,0.0,2.924387330067255,2.9243873300672725,0.0,0.0,1.0,1.0,0.0,0.0,57.27953967341216,57.27953967341216,0.0,0.0
2023-03-16 05:45:00,0.3074375,2.5653688516666664,2.6,2,-8.106706011801194,5.269358907670776,0.0,2.924387330067255,2.9243873300672725,0.0,0.0,1.0,1.0,0.0,0.0,57.83517326612495,57.83517326612495,0.0,0.0
2023-03-16 06:00:00,0.3074375,2.57372343992711,2.6,2,-8.11506060006229,5.274789390040489,0.0,2.924387330067255,2.9243873300679244,0.0,0.0,1.0,1.0,0.0,0.0,58.39080685883773,58.39080685883773,0.0,0.0
2023-03-16 06:15:00,0.3074375,2.652714929888889,2.6,2,-8.194052090023362,5.326133858515186,0.0,2.924387330067255,2.924387330067217,0.0,0.0,1.0,1.0,0.0,0.0,58.94644045155051,58.94644045155063,0.0,0.0
2023-03-16 06:30:00,0.3074375,4.93774609625193,2.6,2,-10.479083256386401,6.811404116651161,0.0,2.924387330067255,2.924387330067217,0.0,0.0,1.0,1.0,0.0,0.0,59.50207404426329,59.5020740442634,0.0,0.0
2023-03-16 06:45:00,0.32570797611374935,4.822211448,2.6,2,-10.345278132020724,6.724430785813471,0.0,2.924387330067255,2.924387330067217,0.0,0.0,1.0,1.0,0.0,0.0,60.05770763697607,60.05770763697617,0.0,0.0
2023-03-16 07:00:00,0.672717323438255,3.9636390256558416,2.6,2,-9.139696362352058,5.940802635528839,0.0,2.924387330067255,2.924387330067217,0.0,0.0,1.0,1.0,0.0,0.0,60.61334122968885,60.61334122968894,0.0,0.0
2023-03-16 07:15:00,1.6408273734124568,4.689045899333333,2.6,2,-8.896993186055347,5.783045570935976,0.0,2.924387330067255,2.924387330067217,0.0,0.0,1.0,1.0,0.0,0.0,61.16897482240164,61.16897482240171,0.0,0.0
2023-03-16 07:30:00,3.7186554882283223,4.879937679777777,2.6,2,-7.0100568516839274,4.556536953594553,0.0,2.924387330067255,2.924387330067217,0.0,0.0,1.0,1.0,0.0,0.0,61.72460841511442,61.724608415114474,0.0,0.0
2023-03-16 07:45:00,5.819210586036083,5.073721683685375,2.6,2,-5.103285757783764,3.3171357425594468,0.0,2.924387330067255,2.924387330067217,0.0,0.0,1.0,1.0,0.0,0.0,62.2802420078272,62.28024200782725,0.0,0.0
2023-03-16 08:00:00,5.530379430151161,4.997766738999999,2.6,2,-5.3161619689833115,3.4555052798391523,0.0,2.924387330067255,2.924387330067217,0.0,0.0,1.0,1.0,0.0,0.0,62.83587560053998,62.835875600540014,0.0,0.0
2023-03-16 08:15:00,5.1819242424031815,5.093414078888888,2.6,2,-5.760264496620179,3.7441719228031167,0.0,2.924387330067255,2.924387330067217,0.0,0.0,1.0,1.0,0.0,0.0,63.39150919325276,63.39150919325279,0.0,0.0
2023-03-16 08:30:00,6.682686895239722,5.088117519890657,2.6,2,-4.254205284785408,2.7652334351105154,0.0,2.924387330067255,2.924387330067217,0.0,0.0,1.0,1.0,0.0,0.0,63.94714278596554,63.94714278596555,0.0,0.0
2023-03-16 08:45:00,7.595264065835073,5.230975266222222,2.6,2,-3.4844858605216213,2.2649158093390542,0.0,2.924387330067255,2.9243873300672174,0.0,0.0,1.0,1.0,0.0,0.0,64.50277637867832,64.50277637867832,0.0,0.0
2023-03-16 09:00:00,10.656043596578895,4.807268936444445,5.8,2,-2.2648549702353193e-14,0.0,0.0,2.924387330067255,2.9243873300672174,0.0,0.0,1.0,1.0,0.0,0.0,65.05840997139111,65.0584099713911,0.0,0.0
2023-03-16 09:15:00,12.581686517306617,5.194999356437293,5.8,2,1.5379125007348513,0.0,0.0,2.924387330067255,2.9243873300672174,0.0,0.0,1.0,1.0,0.0,0.0,65.61404356410388,65.61404356410387,1.6879913118441547,0.0
2023-03-16 09:30:00,9.09937591589075,6.626583879444444,5.8,2,-2.220446049250313e-16,0.0,0.0,1.2363960182231004,1.2363960182232063,0.0,0.0,1.0,1.0,0.0,0.0,66.16967715681666,66.16967715681665,1.2363960182231004,0.8448915979099255
2023-03-16 09:45:00,8.389878744761521,11.197160892444444,5.8,2,-1.1174989518630696,1.6203734802014516,0.0,0.0,0.0,0.8448915979099255,0.8448915979099273,0.0,0.0,1.0,1.0,66.40459240027904,66.40459240027906,0.0,0.0
2023-03-16 10:00:00,10.086642216462508,11.77642541228236,5.8,2,-1.1102230246251565e-16,0.0,0.0,0.0,0.0,0.8448915979099256,0.8448915979099273,0.0,0.0,1.0,1.0,66.21333227624737,66.21333227624739,0.8160433680352823,0.8448915979099256
2023-03-16 10:15:00,11.70195621118183,10.06986947511111,5.8,2,-1.1102230246251565e-16,0.0,0.0,0.8160433680352823,0.8160433680354379,0.0,0.0,1.0,1.0,0.0,0.0,66.0220721522157,66.0220721522157,0.27927081795570685,0.0
2023-03-16 10:30:00,11.9803189374703,9.789690565488426,5.8,2,-2.220446049250313e-16,0.0,0.0,1.0953141859909892,1.0953141859908841,0.0,0.0,1.0,1.0,0.0,0.0,66.17712039214241,66.17712039214243,2.913683373954008,0.0
2023-03-16 10:45:00,18.329430595223332,10.31143547533333,5.8,2,-8.881784197001252e-16,0.0,0.0,4.008997559944997,4.008997559945007,0.0,0.0,1.0,1.0,0.0,0.0,66.38523008748069,66.38523008748069,0.0,0.0
2023-03-16 11:00:00,25.540878992995804,11.64581570028558,5.8,2,5.877068172820222,0.0,0.0,4.008997559944997,4.008997559945007,0.0,0.0,1.0,1.0,0.0,0.0,67.14693962387025,67.14693962387025,0.0,0.0
2023-03-16 11:15:00,21.147981080191887,12.507180406555548,5.8,2,0.6228055537463346,0.0,0.0,4.008997559944997,4.008997559945007,0.0,0.0,1.0,1.0,0.0,0.0,67.9086491602598,67.9086491602598,1.055491058882083,0.0
2023-03-16 11:30:00,9.265704723824312,17.23635888422222,5.8,2,-13.877667162523734,20.122617385659417,0.0,2.953506501062914,2.9535065010629125,0.0,0.0,1.0,1.0,0.0,0.0,68.67035869664934,68.67035869664934,0.0,0.0
2023-03-16 11:45:00,22.939800417319326,17.0327874151935,5.8,2,-4.440892098500626e-16,0.0,0.0,2.953506501062914,2.9535065010629125,0.0,0.0,1.0,1.0,0.0,0.0,69.2315249318513,69.2315249318513,0.4329316366775869,0.0
2023-03-16 12:00:00,23.36677628370331,16.593900008222224,5.8,2,-1.3322676295501878e-15,0.0,0.0,3.386438137740501,3.3864381377405857,0.0,0.0,1.0,1.0,0.0,0.0,69.79269116705325,69.79269116705325,3.139384086843046,0.0
2023-03-16 12:15:00,26.20663564750036,13.154991198333336,5.8,2,-2.6645352591003757e-15,0.0,0.0,6.525822224583547,6.525822224583479,0.0,0.0,1.0,1.0,0.0,0.0,70.43611441322396,70.43611441322396,0.5171400511724118,0.0
2023-03-16 12:30:00,28.088962757115542,13.460794194425942,5.8,2,0.5422440111776705,0.0,0.0,7.042962275755959,7.042962275755971,0.0,0.0,1.0,1.0,0.0,0.0,71.67602063589483,71.67602063589483,0.0,0.0
2023-03-16 12:45:00,28.57813704352597,13.82680987977778,5.8,2,0.6654026122362602,0.0,0.0,7.042962275755959,7.042962275755971,0.0,0.0,1.0,1.0,0.0,0.0,73.01418346828846,73.01418346828846,0.0,0.0
2023-03-16 13:00:00,27.44456631028973,13.35864175877778,5.8,2,1.9539925233402755e-14,0.0,0.0,7.042962275755959,7.042962275755971,0.0,0.0,1.0,1.0,0.0,0.0,74.35234630068209,74.35234630068209,0.0,0.0
2023-03-16 13:15:00,27.184787655965316,12.43461918632429,5.8,2,0.6642439181290953,0.0,0.0,7.042962275755959,7.042962275755971,0.0,0.0,1.0,1.0,0.0,0.0,75.69050913307572,75.69050913307572,2.6157067778876213,0.0
2023-03-16 13:30:00,21.3386339343248,12.48412293858821,5.8,2,-8.881784197001252e-16,0.0,0.0,4.427255497868337,4.427255497868253,0.0,0.0,1.0,1.0,0.0,0.0,77.02867196546936,77.02867196546936,2.0474917994202326,0.0
2023-03-16 13:45:00,16.92405199491136,15.243992517333371,5.8,2,-3.0794679193182413,4.46522848301145,0.0,2.3797636984481043,2.3797636984481247,0.0,0.0,1.0,1.0,0.0,0.0,77.86985051006434,77.86985051006434,0.0,0.0
2023-03-16 14:00:00,19.884435924229575,15.124908527333329,5.8,2,1.6431300764452317e-14,0.0,0.0,2.3797636984481048,2.3797636984481247,0.0,0.0,1.0,1.0,0.0,0.0,78.32200561276947,78.32200561276947,0.0,0.0
2023-03-16 14:15:00,21.28628652660515,15.13283300711111,5.8,2,1.3939261225978106,0.0,0.0,2.3797636984481043,2.3797636984481247,0.0,0.0,1.0,1.0,0.0,0.0,78.77416071547461,78.77416071547461,0.0,0.0
2023-03-16 14:30:00,22.26453763275871,16.610660490482587,5.8,2,0.8943497453798939,0.0,0.0,2.3797636984481043,2.3797636984481247,0.0,0.0,1.0,1.0,0.0,0.0,79.22631581817976,79.22631581817976,0.6875053873116672,0.0
2023-03-16 14:45:00,21.486385368490726,18.101868746222223,5.8,2,-4.440892098500626e-16,0.0,0.0,1.6922583111364373,1.6922583111320662,0.0,0.0,1.0,1.0,0.0,0.0,79.67847092088489,79.67847092088489,1.6922583111364373,0.0
2023-03-16 15:00:00,16.499284460599966,18.039713039811566,5.8,2,-1.5404285792116,2.2336214398568197,0.0,0.0,0.0,0.0,0.0,0.0,0.0,0.0,0.0,80.00000000000081,80.0,0.0,0.0
2023-03-16 15:15:00,18.04199016200485,15.541932736444442,5.8,2,2.500057425560408,0.0,8.198280026094793e-13,0.0,0.0,0.0,0.0,0.0,0.0,0.0,0.0,80.00000000000081,80.0,0.0,0.440441425829647
2023-03-16 15:30:00,16.605284515122175,17.48616736677777,5.8,2,0.0,0.0,0.0,0.0,0.0,0.440441425829647,0.44044142582594853,0.0,0.0,1.0,1.0,80.00000000000081,80.0,0.0,0.8125869854782823
2023-03-16 15:45:00,15.184582384375368,17.69063920699119,5.8,2,0.0,0.0,0.0,0.0,0.0,1.2530284113079295,1.2530284113078922,0.0,0.0,1.0,1.0,79.90029622505354,79.90029622505354,0.0,0.890727700837238
2023-03-16 16:00:00,12.540525029042968,16.828037253333335,5.8,2,-4.440892098500626e-16,0.0,0.0,0.0,0.0,2.1437561121451676,2.143756112145199,0.0,0.0,1.0,1.0,79.61664519815871,79.61664519815871,0.0,1.551374836452869
2023-03-16 16:15:00,6.40409339935226,15.754441400777768,5.8,2,-1.9600861042294362,2.842124851132681,0.0,0.0,0.0,3.6951309485980364,3.6951309485980364,0.0,0.0,1.0,1.0,79.13135801940484,79.13135801940484,0.0,0.0
2023-03-16 16:30:00,3.70751500263947,11.097776899835544,5.8,2,-8.881784197001252e-16,0.0,0.0,0.0,0.0,3.695130948598037,3.695130948598037,0.0,0.0,1.0,1.0,78.29488242266505,78.29488242266505,0.0,0.6258353007854391
2023-03-16 16:45:00,3.302944194121898,11.944876692888888,5.8,2,0.0,0.0,0.0,0.0,0.0,4.320966249383476,4.320966249383515,0.0,0.0,1.0,1.0,77.45840682592525,77.45840682592525,0.0,0.014217978052476592
2023-03-16 17:00:00,3.0197441683795314,11.690112623251384,5.8,2,-8.881784197001252e-16,0.0,0.0,0.0,0.0,4.335184227435953,4.3351842274358985,0.0,0.0,1.0,1.0,76.48025940105066,76.48025940105066,0.0,0.4258502523856607
2023-03-16 17:15:00,2.303627960317996,13.63841836833333,5.8,2,-1.8127214483721037,2.62844610013955,0.0,0.0,0.0,4.761034479821615,4.761034479821615,0.0,0.0,1.0,1.0,75.49889341860903,75.49889341860903,0.0,0.0
2023-03-16 17:30:00,1.6098003576901074,11.131869317333331,5.8,2,5.329070518200751e-15,0.0,0.0,0.0,0.0,4.761034479821615,4.761034479821615,0.0,0.0,1.0,1.0,74.4211266999171,74.4211266999171,0.0,0.4062619713081122
2023-03-16 17:45:00,0.996988833011135,14.082567767444436,5.8,2,-2.750986032173845,3.9889297466520772,0.0,0.0,0.0,5.167296451129728,5.167296451129728,0.0,0.0,1.0,1.0,73.34335998122516,73.34335998122516,0.0,0.0
2023-03-16 18:00:00,0.47625517516364624,10.810848077423085,5.8,2,1.7763568394002505e-14,0.0,0.0,0.0,0.0,5.167296451129729,5.167296451129729,0.0,0.0,1.0,1.0,72.17362677214089,72.17362677214089,0.0,1.4050374381039585
2023-03-16 18:15:00,0.2947219839797375,13.439389762447094,5.8,2,-8.881784197001252e-16,0.0,0.0,0.0,0.0,6.572333889233686,6.572333889233669,0.0,0.0,1.0,1.0,71.00389356305664,71.00389356305664,0.0,0.04146805437888739
2023-03-16 18:30:00,0.3778125,13.60541638722513,5.8,2,8.881784197001252e-16,0.0,0.0,0.0,0.0,6.613801943612574,6.6138019436125575,0.0,0.0,1.0,1.0,69.51609868150969,69.51609868150969,0.0,1.1785469247776443
2023-03-16 18:45:00,0.3778125,15.962510236780432,5.8,2,-1.509903313490213e-14,0.0,0.0,0.0,0.0,7.792348868390218,7.792348868390199,0.0,0.0,1.0,1.0,68.01891657769247,68.01891657769247,0.0,0.0
2023-03-16 19:00:00,0.3778125,16.103583393815477,5.8,2,-0.14107315703506096,0.2045560777008396,0.0,0.0,0.0,7.792348868390218,7.7923488683901985,0.0,0.0,1.0,1.0,66.25494399854357,66.25494399854358,0.0,0.0
2023-03-16 19:15:00,0.3778125,16.606257871888893,5.8,2,-0.6437476351084772,0.9334340709072889,0.0,0.0,0.0,7.792348868390217,7.792348868390198,0.0,0.0,1.0,1.0,64.49097141939468,64.49097141939471,0.0,0.3615173806124657
2023-03-16 19:30:00,0.3778125,15.239475475555556,5.8,2,-2.6645352591003757e-15,0.0,0.0,0.0,0.0,7.430831487777749,7.430831487777805,0.0,0.0,1.0,1.0,62.7269988402458,62.72699884024581,0.0,1.610547718666651
2023-03-16 19:45:00,0.3778125,12.018380038222224,5.8,2,-1.7763568394002505e-15,0.0,0.0,0.0,0.0,5.820283769111099,5.820283769111124,0.0,0.0,1.0,1.0,61.04486381188638,61.04486381188638,0.0,0.5469998683333113
2023-03-16 20:00:00,0.3778125,10.924380301555576,5.8,2,1.2434497875801753e-14,0.0,0.0,0.0,0.0,5.273283900777788,5.273283900777802,0.0,0.0,1.0,1.0,59.727312307843114,59.727312307843114,0.0,0.0
2023-03-16 20:15:00,0.3778125,12.071491308888902,5.8,2,-1.1471110073333142,1.6633109606333039,0.0,0.0,0.0,5.273283900777787,5.273283900777802,0.0,0.0,1.0,1.0,58.53358646725957,58.53358646725957,0.0,1.2346753112920208
2023-03-16 20:30:00,0.3778125,8.455029678971501,5.8,2,-8.881784197001252e-16,0.0,0.0,0.0,0.0,4.038608589485766,4.038608589485735,0.0,0.0,1.0,1.0,57.339860626676035,57.33986062667603,0.0,1.2821794080968754
2023-03-16 20:45:00,0.3778125,5.890670862777759,5.8,2,-4.440892098500626e-16,0.0,0.0,0.0,0.0,2.756429181388891,2.7564291813888673,0.0,0.0,1.0,1.0,56.42563117800919,56.42563117800919,0.0,0.07566427554267428
2023-03-16 21:00:00,0.3778125,5.7393423116923925,5.8,2,2.531308496145357e-14,0.0,0.0,0.0,0.0,2.680764905846216,2.6807649058462015,0.0,0.0,1.0,1.0,55.801651736834586,55.80165173683458,0.0,0.0
2023-03-16 21:15:00,0.3778125,6.015259124666678,5.8,2,-0.2759168129742604,0.4000793788126769,0.0,0.0,0.0,2.680764905846216,2.6807649058462015,0.0,0.0,1.0,1.0,55.19480059798994,55.19480059798994,0.0,0.9223608604017696
2023-03-16 21:30:00,0.3778125,3.894620590888888,5.8,2,-2.220446049250313e-16,0.0,0.0,0.0,0.0,1.7584040454444463,1.7584040454444412,0.0,0.0,1.0,1.0,54.58794945914529,54.58794945914529,0.0,0.06827332892262278
2023-03-16 21:45:00,0.3778124999999994,3.758073933043673,5.8,2,-2.220446049250313e-16,0.0,0.0,0.0,0.0,1.6901307165218236,1.69013071652185,0.0,0.0,1.0,1.0,54.189895345858496,54.189895345858496,0.0,0.003360799931069356
2023-03-16 22:00:00,0.3778125,3.5787281877777755,5.8,2,0.1726241454037234,0.0,0.0,0.0,0.0,1.6867699165907541,1.6867699165907446,0.0,0.0,1.0,1.0,53.80729642870585,53.80729642870584,0.0,0.0
2023-03-16 22:15:00,0.3778125,3.895818242444446,5.8,2,-0.14446590926294678,0.20947556843127244,0.0,0.0,0.0,1.6867699165907544,1.6867699165907448,0.0,0.0,1.0,1.0,53.425458303840934,53.425458303840934,0.0,0.0
2023-03-16 22:30:00,0.3778125,3.75135233318148,5.8,2,1.9761969838327786e-14,0.0,0.0,0.0,0.0,1.6867699165907546,1.686769916590745,0.0,0.0,1.0,1.0,53.04362017897601,53.04362017897602,0.0,0.04866631236855589
2023-03-16 22:45:00,0.3778125,3.654019708444429,5.8,2,-4.440892098500626e-16,0.0,0.0,0.0,0.0,1.6381036042221988,1.6381036042222294,0.0,0.0,1.0,1.0,52.66178205411111,52.66178205411111,0.0,1.6381036042221986
2023-03-16 23:00:00,0.3778125,4.0621874174444415,2.6,2,-3.6843749174444413,2.394843696338887,0.0,0.0,0.0,0.0,0.0,0.0,0.0,0.0,0.0,52.290960638327924,52.290960638327924,0.0,0.0
2023-03-16 23:15:00,0.3778125,3.54167955621727,2.6,2,-3.1638670562172697,2.056513586541225,0.0,0.0,0.0,0.0,0.0,0.0,0.0,0.0,0.0,52.290960638327924,52.290960638327924,0.0,0.0
2023-03-16 23:30:00,0.3778125,3.795325602888896,2.6,2,-3.417513102888896,2.2213835168777822,0.0,0.0,0.0,0.0,0.0,0.0,0.0,0.0,0.0,52.290960638327924,52.290960638327924,0.0,0.0
2023-03-16 23:45:00,0.3778125,3.550106860854024,2.6,2,-3.172294360854024,2.0619913345551155,0.0,0.0,0.0,0.0,0.0,0.0,0.0,0.0,0.0,52.290960638327924,52.290960638327924,0.0,0.0
2023-03-17 00:00:00,0.3778125,3.803744482819965,2.6,2,-3.425931982819965,2.226855788832977,0.0,0.0,0.0,0.0,0.0,0.0,0.0,0.0,0.0,52.290960638327924,52.290960638327924,0.0,0.0
2023-03-17 00:15:00,0.3778125,3.493903490666684,2.6,2,-3.116090990666684,2.0254591439333445,0.0,0.0,0.0,0.0,0.0,0.0,0.0,0.0,0.0,52.290960638327924,52.290960638327924,0.0,0.0
2023-03-17 00:30:00,0.3778125,3.772121714377741,2.6,2,-3.3943092143777407,2.2063009893455314,0.0,0.0,0.0,0.0,0.0,0.0,0.0,0.0,0.0,52.290960638327924,52.290960638327924,0.0,0.0
2023-03-17 00:45:00,0.3778125,3.611013247702753,2.6,2,-3.2332007477027527,2.1015804860067893,0.0,0.0,0.0,0.0,0.0,0.0,0.0,0.0,0.0,52.290960638327924,52.290960638327924,0.0,0.0
2023-03-17 01:00:00,0.3778125,3.794357426666671,2.6,2,-3.416544926666671,2.220754202333336,0.0,0.0,0.0,0.0,0.0,0.0,0.0,0.0,0.0,52.290960638327924,52.290960638327924,0.0,0.0
2023-03-17 01:15:00,0.3778125,3.618039434333349,2.6,2,-3.2402269343333487,2.1061475073166767,0.0,0.0,0.0,0.0,0.0,0.0,0.0,0.0,0.0,52.290960638327924,52.290960638327924,0.0,0.0
2023-03-17 01:30:00,0.3778125,3.673794590222214,2.6,2,-3.295982090222214,2.142388358644439,0.0,0.0,0.0,0.0,0.0,0.0,0.0,0.0,0.0,52.290960638327924,52.290960638327924,0.0,0.0
2023-03-17 01:45:00,0.3778125,3.609930710222231,2.6,2,-3.232118210222231,2.10087683664445,0.0,0.0,0.0,0.0,0.0,0.0,0.0,0.0,0.0,52.290960638327924,52.290960638327924,0.0,0.0
2023-03-17 02:00:00,0.3778125,3.6158725262503073,2.6,2,-3.238060026250307,2.1047390170626996,0.0,0.0,0.0,0.0,0.0,0.0,0.0,0.0,0.0,52.290960638327924,52.290960638327924,0.0,0.0
2023-03-17 02:15:00,0.3778125,3.730065718000021,2.6,2,-3.352253218000021,2.1789645917000136,0.0,0.0,0.0,0.0,0.0,0.0,0.0,0.0,0.0,52.290960638327924,52.290960638327924,0.0,0.0
2023-03-17 02:30:00,0.3778125,3.452473756069902,2.6,2,-3.074661256069902,1.9985298164454364,0.0,0.0,0.0,0.0,0.0,0.0,0.0,0.0,0.0,52.290960638327924,52.290960638327924,0.0,0.0
2023-03-17 02:45:00,0.3778125,3.4430800474444263,2.6,2,-3.065267547444426,1.992423905838877,0.0,0.0,0.0,0.0,0.0,0.0,0.0,0.0,0.0,52.290960638327924,52.290960638327924,0.0,0.0
2023-03-17 03:00:00,0.3778125,3.1471189188768776,2.6,2,-2.7693064188768775,1.8000491722699703,0.0,0.0,0.0,0.0,0.0,0.0,0.0,0.0,0.0,52.290960638327924,52.290960638327924,0.0,0.0
2023-03-17 03:15:00,0.3778125,2.9673412654444418,2.6,2,-2.5895287654444417,1.683193697538887,0.0,0.0,0.0,0.0,0.0,0.0,0.0,0.0,0.0,52.290960638327924,52.290960638327924,0.0,0.0
2023-03-17 03:30:00,0.3778125,2.877503927710308,2.6,2,-2.499691427710308,1.6247994280117002,0.0,0.0,0.0,0.0,0.0,0.0,0.0,0.0,0.0,52.290960638327924,52.290960638327924,0.0,0.0
2023-03-17 03:45:00,0.3778125,2.820600614000002,2.6,2,-2.442788114000002,1.5878122741000014,0.0,0.0,0.0,0.0,0.0,0.0,0.0,0.0,0.0,52.290960638327924,52.290960638327924,0.0,0.0
2023-03-17 04:00:00,0.3778125,2.8090956173957475,2.6,2,-2.4312831173957474,1.5803340263072359,0.0,0.0,0.0,0.0,0.0,0.0,0.0,0.0,0.0,52.290960638327924,52.290960638327924,0.0,0.0
2023-03-17 04:15:00,0.3778125,2.735829569222219,2.6,2,-2.358017069222219,1.5327110949944422,0.0,0.0,0.0,0.0,0.0,0.0,0.0,0.0,0.0,52.290960638327924,52.290960638327924,0.0,0.0
2023-03-17 04:30:00,0.3778125,2.5956811316435764,2.6,2,-2.2178686316435763,1.4416146105683247,0.0,0.0,0.0,0.0,0.0,0.0,0.0,0.0,0.0,52.290960638327924,52.290960638327924,0.0,0.0
2023-03-17 04:45:00,0.3778125,2.7167262751111108,2.6,2,-2.3389137751111106,1.520293953822222,0.0,0.0,0.0,0.0,0.0,0.0,0.0,0.0,0.0,52.290960638327924,52.290960638327924,0.0,0.0
2023-03-17 05:00:00,0.3778125,2.637832342222218,2.6,2,-2.260019842222218,1.4690128974444416,0.0,0.0,0.0,0.0,0.0,0.0,0.0,0.0,0.0,52.290960638327924,52.290960638327924,0.0,0.0
2023-03-17 05:15:00,0.3778125,2.590982460666666,2.6,2,-2.213169960666666,1.438560474433333,0.0,0.0,0.0,0.0,0.0,0.0,0.0,0.0,0.0,52.290960638327924,52.290960638327924,0.0,0.0
2023-03-17 05:30:00,0.3778125,2.693380782444449,2.6,2,-2.315568282444449,1.5051193835888919,0.0,0.0,0.0,0.0,0.0,0.0,0.0,0.0,0.0,52.290960638327924,52.290960638327924,0.0,0.0
2023-03-17 05:45:00,0.3778125,2.632703309814555,2.6,2,-2.254890809814555,1.4656790263794608,0.0,0.0,0.0,0.0,0.0,0.0,0.0,0.0,0.0,52.290960638327924,52.290960638327924,0.0,0.0
2023-03-17 06:00:00,0.3778125,2.591745125945844,2.6,2,-2.213932625945844,1.4390562068647985,0.0,0.0,0.0,0.0,0.0,0.0,0.0,0.0,0.0,52.290960638327924,52.290960638327924,0.0,0.0
2023-03-17 06:15:00,0.3778125,2.672309757555562,2.6,2,-2.294497257555562,1.4914232174111153,0.0,0.0,0.0,0.0,0.0,0.0,0.0,0.0,0.0,52.290960638327924,52.290960638327924,0.0,0.0
2023-03-17 06:30:00,0.38188721907926815,2.536887993177242,2.6,2,-2.1550007740979735,1.4007505031636829,0.0,0.0,0.0,0.0,0.0,0.0,0.0,0.0,0.0,52.290960638327924,52.290960638327924,0.0,0.0
2023-03-17 06:45:00,0.315796415436075,2.478163446444445,2.6,2,-2.16236703100837,1.4055385701554404,0.0,0.0,0.0,0.0,0.0,0.0,0.0,0.0,0.0,52.290960638327924,52.290960638327924,0.0,0.0
2023-03-17 07:00:00,0.4990296740023369,2.595492822364696,2.6,2,-2.0964631483623593,1.3627010464355336,0.0,0.0,0.0,0.0,0.0,0.0,0.0,0.0,0.0,52.290960638327924,52.290960638327924,0.0,0.0
2023-03-17 07:15:00,1.1295203478195674,2.689551829111111,2.6,2,-1.5600314812915437,1.0140204628395035,0.0,0.0,0.0,0.0,0.0,0.0,0.0,0.0,0.0,52.290960638327924,52.290960638327924,0.059470114658543925,0.0
2023-03-17 07:30:00,2.685866284495398,2.566926055178391,2.6,2,0.0,0.0,0.0,0.05947011465854391,0.05947011465846352,0.0,0.0,1.0,1.0,0.0,0.0,52.290960638327924,52.290960638327924,0.8666806091032875,0.0
2023-03-17 07:45:00,4.482879414968104,2.6305779674444434,2.6,2,0.0,0.0,0.0,0.9261507237618315,0.926150723761829,0.0,0.0,1.0,1.0,0.0,0.0,52.302259960113034,52.30225996011303,0.0,0.0
2023-03-17 08:00:00,6.78248099797762,4.016801705333355,2.6,2,0.9133778451206044,0.0,0.0,0.9261507237618315,0.9261507237618292,0.0,0.0,1.0,1.0,0.0,0.0,52.47822859762778,52.478228597627776,0.0,0.0
2023-03-17 08:15:00,6.87069602389494,4.170048348000023,2.6,2,0.8483462283712564,0.0,0.0,0.9261507237618315,0.9261507237618292,0.0,0.0,1.0,1.0,0.0,0.0,52.65419723514253,52.654197235142526,0.0,0.0
2023-03-17 08:30:00,7.539732537980393,7.904131354120402,2.6,2,-2.21670026366367,1.4408551713813855,0.0,0.9261507237618315,0.9261507237618292,0.0,0.0,1.0,1.0,0.0,0.0,52.83016587265728,52.830165872657275,0.0,0.0
2023-03-17 08:45:00,9.606449743248513,9.251409373555584,2.6,2,-1.4972610778307311,0.9732197005899753,0.0,0.9261507237618315,0.9261507237618292,0.0,0.0,1.0,1.0,0.0,0.0,53.00613451017203,53.006134510172025,0.0,0.0
2023-03-17 09:00:00,12.744838816301263,10.638812393026573,5.8,2,0.2537249757510295,0.0,0.0,0.9261507237618314,0.926150723761829,0.0,0.0,1.0,1.0,0.0,0.0,53.18210314768679,53.18210314768677,0.9261507237618314,1.138870423196268
2023-03-17 09:15:00,13.262622176998176,19.56430743688887,5.8,2,-4.023944413498159,5.834719399572329,0.0,0.0,0.0,1.138870423196268,1.138870423196268,0.0,0.0,1.0,1.0,53.35807178520153,53.358071785201524,0.0,0.0
2023-03-17 09:30:00,16.946418387385215,19.22415923377775,5.8,2,0.0,0.0,0.0,0.0,0.0,1.138870423196268,1.138870423196268,0.0,0.0,1.0,1.0,53.10026297406483,53.10026297406483,0.0,0.0
2023-03-17 09:45:00,21.506838713553076,17.677295913732333,5.8,2,6.107283646213279,0.0,0.0,0.0,0.0,1.1388704231962683,1.1388704231962683,0.0,0.0,1.0,1.0,52.842454162928156,52.842454162928156,0.0,0.24243471542835876
2023-03-17 10:00:00,15.197940378750726,17.96055065599998,5.8,2,-4.440892098500626e-16,0.0,0.0,0.0,0.0,1.381305138624627,1.3813051386246278,0.0,0.0,1.0,1.0,52.58464535179149,52.58464535179149,0.0,0.0
2023-03-17 10:15:00,12.3736089646379,17.270197624333328,5.8,2,-2.133978382446173,3.0942686545469504,0.0,0.0,0.0,1.3813051386246273,1.381305138624628,0.0,0.0,1.0,1.0,52.271956016505776,52.271956016505776,0.0,0.0
2023-03-17 10:30:00,16.955316936859163,17.892228027269088,5.8,2,1.8256991868393306,0.0,0.0,0.0,0.0,1.3813051386246276,1.3813051386246282,0.0,0.0,1.0,1.0,51.95926668122007,51.95926668122007,0.0,0.0
2023-03-17 10:45:00,18.55671226951218,17.22547335888892,5.8,2,4.093849187870107,0.0,0.0,0.0,0.0,1.3813051386234234,1.381305138623424,0.0,0.0,1.0,1.0,51.64657734593436,51.64657734593436,0.0,0.0
2023-03-17 11:00:00,14.852392647475323,17.634439745888837,5.8,2,-0.01943682116666734,0.028183390691666848,0.0,0.0,0.0,1.381305138623423,1.3813051386234239,0.0,0.0,1.0,1.0,51.33388801064893,51.33388801064893,0.0,0.0
2023-03-17 11:15:00,25.446284006015173,16.708368719111125,5.8,2,11.500525564150877,0.0,0.0,0.0,0.0,1.3813051386234145,1.3813051386234145,0.0,0.0,1.0,1.0,51.02119867536349,51.02119867536349,0.0,0.0
2023-03-17 11:30:00,17.558534644678854,22.700413096034364,5.8,2,-2.379268174108681,3.4499388524575867,0.0,0.0,0.0,1.3813051386234145,1.3813051386234145,0.0,0.0,1.0,1.0,50.70850934007805,50.70850934007805,2.2525588145463913,1.381305138623414
2023-03-17 11:45:00,23.295971109178957,14.313838692222246,5.8,2,4.47701478786392,0.0,0.0,2.2525588145463913,2.2525588145463993,0.0,0.0,1.0,1.0,0.0,0.0,50.39582000479262,50.39582000479261,0.0,0.0
2023-03-17 12:00:00,28.704613981940486,15.105686262777768,5.8,2,9.093810090069928,0.0,0.0,2.2525588145463913,2.2525588145463993,0.0,0.0,1.0,1.0,0.0,0.0,50.823806179556435,50.82380617955643,0.0,0.0
2023-03-17 12:15:00,19.44676518984356,14.94164756075071,5.8,2,6.039613253960852e-14,0.0,0.0,2.2525588145463913,2.2525588145463993,0.0,0.0,1.0,1.0,0.0,0.0,51.25179235432025,51.251792354320244,0.0,0.0
2023-03-17 12:30:00,13.030164471125927,14.478546873389934,5.8,2,-5.953500031356798,8.632575045467357,0.0,2.2525588145463913,2.2525588145463993,0.0,0.0,1.0,1.0,0.0,0.0,51.67977852908407,51.67977852908406,2.0278896452293407,0.0
2023-03-17 12:45:00,21.430459343884866,12.869562424333406,5.8,2,-8.881784197001252e-16,0.0,0.0,4.280448459775732,4.280448459775729,0.0,0.0,1.0,1.0,0.0,0.0,52.10776470384788,52.10776470384788,2.7884731297455803,0.0
2023-03-17 13:00:00,25.11715111370334,10.82916027811118,5.8,2,0.1501476565495352,0.0,0.0,7.068921589521312,7.068921589521312,0.0,0.0,1.0,1.0,0.0,0.0,52.921049911205266,52.921049911205266,0.0,0.0
2023-03-17 13:15:00,26.692012399746467,11.680188359759608,5.8,2,0.8739808609442345,0.0,0.0,7.068921589521312,7.068921589521312,0.0,0.0,1.0,1.0,0.0,0.0,54.26414501321431,54.26414501321431,0.0,0.0
2023-03-17 13:30:00,26.565249765899445,11.655458091555438,5.8,2,0.7719484953013822,0.0,0.0,7.068921589521312,7.068921589521312,0.0,0.0,1.0,1.0,0.0,0.0,55.60724011522336,55.60724011522336,0.0,0.0
2023-03-17 13:45:00,25.565420238598175,11.427577059555569,5.8,2,-1.7763568394002505e-14,0.0,0.0,7.068921589521312,7.068921589521312,0.0,0.0,1.0,1.0,0.0,0.0,56.950335217232414,56.950335217232414,0.7284533540647242,0.0
2023-03-17 14:00:00,24.703072713802253,12.022136242889095,5.8,2,-8.881784197001252e-16,0.0,0.0,6.340468235456586,6.340468235456573,0.0,0.0,1.0,1.0,0.0,0.0,58.293430319241466,58.293430319241466,0.08801273019617784,0.0
2023-03-17 14:15:00,24.541314078366916,12.036403067845944,5.8,2,-8.881784197001252e-16,0.0,0.0,6.252455505260409,6.252455505260564,0.0,0.0,1.0,1.0,0.0,0.0,59.49811928397821,59.49811928397821,5.1619116114637364,0.0
2023-03-17 14:30:00,19.783052038543275,17.601964250949973,5.8,2,0.0,0.0,0.0,1.0905438937966736,1.0905438937966287,0.0,0.0,1.0,1.0,0.0,0.0,60.6860858299777,60.686085829977706,0.0,0.0
2023-03-17 14:45:00,20.319618463630352,18.428105660333355,5.8,2,-0.2895749842963049,0.4198837272296415,0.0,1.0905438937966736,1.0905438937966287,0.0,0.0,1.0,1.0,0.0,0.0,60.89328916979906,60.89328916979907,0.36840126864514944,0.0
2023-03-17 15:00:00,20.20786346670804,12.963334006222231,5.8,2,4.326639135602179,0.0,0.0,1.4589451624418228,1.4589451624418077,0.0,0.0,1.0,1.0,0.0,0.0,61.10049250962043,61.10049250962043,0.0,0.0
2023-03-17 15:15:00,18.38419491011972,11.721189397208754,5.8,2,3.745115188027337,0.0,0.0,1.4589451624418228,1.4589451624418077,0.0,0.0,1.0,1.0,0.0,0.0,61.37769209048438,61.37769209048438,0.0,0.0
2023-03-17 15:30:00,17.11486104756405,10.99466324199989,5.8,2,3.202307480680532,0.0,0.0,1.4589451624418228,1.4589451624418077,0.0,0.0,1.0,1.0,0.0,0.0,61.654891671348324,61.654891671348324,0.0,0.0
2023-03-17 15:45:00,15.552210487994838,12.634320163111196,5.8,2,1.1102230246251565e-14,0.0,0.0,1.458945162441823,1.4589451624418075,0.0,0.0,1.0,1.0,0.0,0.0,61.932091252212274,61.932091252212274,0.5024388751117392,0.0
2023-03-17 16:00:00,12.558843172993564,10.64583059833333,5.8,2,-2.220446049250313e-16,0.0,0.0,0.9565062873300837,0.9565062873301508,0.0,0.0,1.0,1.0,0.0,0.0,62.20929083307622,62.20929083307621,0.9565062873300837,3.6285179880120766
2023-03-17 16:15:00,5.403716901674495,12.660752877698664,5.8,2,-1.687538997430238e-14,0.0,0.0,0.0,0.0,3.628517988012076,3.628517988012076,0.0,0.0,1.0,1.0,62.39102702766893,62.39102702766893,0.0,0.0
2023-03-17 16:30:00,3.522565648336471,9.031042211036253,5.8,2,1.7485594133243705,0.0,0.0,0.0,0.0,3.628517988012076,3.628517988012076,0.0,0.0,1.0,1.0,61.56963076552699,61.56963076552699,0.0,1.4231222615410157
2023-03-17 16:45:00,2.73396069833829,12.837241197444502,5.8,2,8.881784197001252e-16,0.0,0.0,0.0,0.0,5.051640249553092,5.051640249553121,0.0,0.0,1.0,1.0,60.74823450338503,60.74823450338503,0.0,0.0
2023-03-17 17:00:00,2.0632458039752612,9.29925703533331,5.8,2,2.8672692677481626,0.0,0.0,0.0,0.0,5.051640249553091,5.05164024955312,0.0,0.0,1.0,1.0,59.604682664210586,59.604682664210586,0.0,0.16910600083089572
2023-03-17 17:15:00,1.66330126764906,12.104793768416997,5.8,2,9.769962616701378e-15,0.0,0.0,0.0,0.0,5.220746250383987,5.220746250383958,0.0,0.0,1.0,1.0,58.46113082503615,58.461130825036136,0.0,0.0
2023-03-17 17:30:00,1.4919428149092424,9.40287155999994,5.8,2,2.530563755677245,0.0,0.0,0.0,0.0,5.2207462503839865,5.220746250383957,0.0,0.0,1.0,1.0,57.279298057546846,57.27929805754684,0.0,0.08575408966173005
2023-03-17 17:45:00,0.9328115232420844,11.54581220333348,5.8,2,0.0,0.0,0.0,0.0,0.0,5.306500340045716,5.30650034004568,0.0,0.0,1.0,1.0,56.09746529005754,56.09746529005754,0.0,0.0
2023-03-17 18:00:00,0.7192529749008156,9.090999173999895,5.8,2,2.2412544809923167,0.0,0.0,0.0,0.0,5.306500340045717,5.30650034004568,0.0,0.0,1.0,1.0,54.896220164976455,54.89622016497646,0.0,0.0
2023-03-17 18:15:00,0.3792981775607625,11.688740667111189,5.8,2,-0.6964418094590297,1.009840623715593,0.0,0.0,0.0,5.306500340045716,5.30650034004568,0.0,0.0,1.0,1.0,53.694975039895375,53.69497503989538,0.0,1.1719075858790622
2023-03-17 18:30:00,0.3569375,8.558997461107637,5.8,2,0.06712554722571173,0.0,0.0,0.0,0.0,4.134592754166652,4.134592754166696,0.0,0.0,1.0,1.0,52.49372991481428,52.4937299148143,0.0,0.0
2023-03-17 18:45:00,0.3569375,8.626123008333346,5.8,2,3.552713678800501e-15,0.0,0.0,0.0,0.0,4.134592754166653,4.134592754166696,0.0,0.0,1.0,1.0,51.55777230209971,51.557772302099714,0.0,1.6414153472222164
2023-03-17 19:00:00,0.3569375,5.150842143579344,5.8,2,0.19245017030952027,0.0,0.0,0.0,0.0,2.493177406944437,2.4931774069444272,0.0,0.0,1.0,1.0,50.621814689385126,50.621814689385126,0.0,0.0
2023-03-17 19:15:00,0.3569375,4.675992276222259,5.8,2,0.6673000376666058,0.0,0.0,0.0,0.0,2.4931774069444375,2.4931774069444277,0.0,0.0,1.0,1.0,50.0574281796071,50.0574281796071,0.0,0.0
2023-03-17 19:30:00,0.3569375,5.343292313888892,5.8,2,-2.6201263381153694e-14,0.0,0.0,0.0,0.0,2.4931774069444375,2.493177406944428,0.0,0.0,1.0,1.0,49.493041669829076,49.493041669829076,0.0,1.0902670621666963
2023-03-17 19:45:00,0.3569375,3.1627581895555523,5.8,2,0.0,0.0,0.0,0.0,0.0,1.4029103447777411,1.4029103447778113,0.0,0.0,1.0,1.0,48.92865516005104,48.92865516005105,0.0,0.6366004641111057
2023-03-17 20:00:00,0.3569375,1.8895572613332905,5.8,2,2.220446049250313e-16,0.0,0.0,0.0,0.0,0.7663098806666354,0.7663098806666554,0.0,0.0,1.0,1.0,48.61107500277254,48.61107500277254,0.0,0.605201178723232
2023-03-17 20:15:00,0.3569375,0.6791549038867467,5.8,2,-2.7755575615628914e-17,0.0,0.0,0.0,0.0,0.16110870194340327,0.1611087019433434,0.0,0.0,1.0,1.0,48.437603609299615,48.437603609299615,0.0,0.008795826835061409
2023-03-17 20:30:00,0.3569375,0.6615632502166838,5.8,2,-5.551115123125783e-17,0.0,0.0,0.0,0.0,0.15231287510834188,0.15231287510834188,0.0,0.0,1.0,1.0,48.40113304858805,48.40113304858805,0.0,0.0
2023-03-17 20:45:00,0.35693749999999935,0.5428082088490848,5.8,2,0.11875504136761389,0.0,0.0,0.0,0.0,0.15231287510834965,0.15231287510834965,0.0,0.0,1.0,1.0,48.366653620153784,48.366653620153784,0.0,0.0
2023-03-17 21:00:00,0.3569375,0.6504779822222206,5.8,2,0.011085267994478676,0.0,0.0,0.0,0.0,0.15231287510834965,0.15231287510834965,0.0,0.0,1.0,1.0,48.332174191719524,48.332174191719524,0.0,0.0
2023-03-17 21:15:00,0.3569375,0.5873402005555568,5.8,2,0.07422304966114246,0.0,0.0,0.0,0.0,0.15231287510834962,0.15231287510834962,0.0,0.0,1.0,1.0,48.297694763285264,48.297694763285264,0.0,0.2034752262249812
2023-03-17 21:30:00,0.3569375,1.068513702666667,5.8,2,-1.1102230246251565e-16,0.0,0.0,0.0,0.0,0.35578810133333083,0.35578810133333594,0.0,0.0,1.0,1.0,48.263215334851004,48.263215334851004,0.0,0.4711928992777754
2023-03-17 21:45:00,0.3569375,2.024983700777778,5.8,2,-0.01408419955556417,0.0204220893555681,0.0,0.0,0.0,0.8269810006111062,0.8269810006111075,0.0,0.0,1.0,1.0,48.182674734662356,48.182674734662356,0.0,0.0
2023-03-17 22:00:00,0.3569375,1.8666523724444488,5.8,2,0.14424712877776502,0.0,0.0,0.0,0.0,0.8269810006111064,0.8269810006111076,0.0,0.0,1.0,1.0,47.99546907521445,47.99546907521446,0.0,0.0
2023-03-17 22:15:00,0.3569375,1.8477055648888896,5.8,2,0.16319393633332457,0.0,0.0,0.0,0.0,0.8269810006111065,0.8269810006111076,0.0,0.0,1.0,1.0,47.808263415766554,47.80826341576656,0.0,0.0
2023-03-17 22:30:00,0.3569375,2.0187196191926,5.8,2,-0.007820117970385732,0.011339171057059434,0.0,0.0,0.0,0.8269810006111066,0.8269810006111076,0.0,0.0,1.0,1.0,47.621057756318656,47.62105775631866,0.0,0.0
2023-03-17 22:45:00,0.35693749999999935,1.8307384901111103,5.8,2,0.18016101111110194,0.0,0.0,0.0,0.0,0.8269810006111067,0.8269810006111064,0.0,0.0,1.0,1.0,47.43385209687075,47.43385209687075,0.0,0.0
2023-03-17 23:00:00,0.3569375,2.0108995012222133,2.6,2,1.1102230246251565e-16,0.0,0.0,0.0,0.0,0.8269810006111069,0.8269810006111066,0.0,0.0,1.0,1.0,47.246646437422854,47.246646437422854,0.0,0.0
2023-03-17 23:15:00,0.3569375,1.834930874463876,2.6,2,0.1759686267583106,0.0,0.0,0.0,0.0,0.82698100061108,0.8269810006111066,0.0,0.0,1.0,1.0,47.05944077797494,47.05944077797494,0.0,0.0
2023-03-17 23:30:00,0.35693749999999935,1.915523334666667,2.6,2,0.09537616655551895,0.0,0.0,0.0,0.0,0.82698100061108,0.8269810006111066,0.0,0.0,1.0,1.0,46.87223511852705,46.87223511852704,0.0,0.028812160277812634
2023-03-17 23:45:00,0.3569375,2.1685602873333325,2.6,2,-0.10003646555554968,0.06502370261110743,0.0,0.0,0.0,0.8557931608888927,0.8557931608888902,0.0,0.0,1.0,1.0,46.68502945907916,46.68502945907913,0.0,0.0
2023-03-18 00:00:00,0.3569375,2.0798486357171355,2.6,2,-0.011324813939352696,0.007361129060579268,0.0,0.0,0.0,0.8557931608888927,0.8557931608888902,0.0,0.0,1.0,1.0,46.491301522262205,46.49130152226218,0.0,0.0
2023-03-18 00:15:00,0.3569375,2.080466506333332,2.6,2,-0.011942684555549254,0.0077627449611070865,0.0,0.0,0.0,0.8557931608888927,0.8557931608888902,0.0,0.0,1.0,1.0,46.29757358544525,46.29757358544522,0.0,0.0
2023-03-18 00:30:00,0.3569375,2.2082504514845747,2.6,2,-0.13972662970678995,0.0908223093094134,0.0,0.0,0.0,0.8557931608888927,0.8557931608888921,0.0,0.0,1.0,1.0,46.103845648628294,46.10384564862827,0.0,0.0
2023-03-18 00:45:00,0.3569375,2.068523821777785,2.6,2,-1.1102230246251565e-16,0.0,0.0,0.0,0.0,0.8557931608888927,0.8557931608888921,0.0,0.0,1.0,1.0,45.91011771181134,45.91011771181132,0.0,0.014366589663089523
2023-03-18 01:00:00,0.3569375,2.0397906424515875,2.6,2,3.885780586188048e-15,0.0,0.0,0.0,0.0,0.8414265712258032,0.8414265712257882,0.0,0.0,1.0,1.0,45.71638977499438,45.716389774994376,0.0,0.0
2023-03-18 01:15:00,0.3569375,2.117021879222218,2.6,2,-0.0772312367706266,0.05020030390090737,0.0,0.0,0.0,0.8414265712258032,0.8414265712257882,0.0,0.0,1.0,1.0,45.52591403730886,45.52591403730886,0.0,0.002132435281278846
2023-03-18 01:30:00,0.3569375,1.97685786177778,2.6,2,0.05866791011110861,0.0,0.0,0.0,0.0,0.8392941359445243,0.8392941359443641,0.0,0.0,1.0,1.0,45.335438299623334,45.335438299623334,0.0,0.0
2023-03-18 01:45:00,0.3569375,2.035525771888888,2.6,2,1.1102230246251565e-16,0.0,0.0,0.0,0.0,0.8392941359445243,0.8392941359443641,0.0,0.0,1.0,1.0,45.14544528639311,45.14544528639315,0.0,0.0
2023-03-18 02:00:00,0.3569375,2.0769872901111115,2.6,2,-0.041461518222223215,0.026949986844444915,0.0,0.0,0.0,0.8392941359445243,0.8392941359443641,0.0,0.0,1.0,1.0,44.955452273162884,44.955452273162955,0.0,6.351003177171364e-13
2023-03-18 02:15:00,0.3569375,1.9946550037777755,2.6,2,0.04087076811047796,0.0,0.0,0.0,0.0,0.8392941359438892,0.8392941359443641,0.0,0.0,1.0,1.0,44.76545925993266,44.76545925993276,0.0,0.0
2023-03-18 02:30:00,0.3569375,1.9641998509867544,2.6,2,0.07132592090150203,0.0,0.0,0.0,0.0,0.8392941359438892,0.8392941359443671,0.0,0.0,1.0,1.0,44.57546624670258,44.575466246702575,0.0,0.0
2023-03-18 02:45:00,0.3569375,2.0634550656666604,2.6,2,-0.02792929377840414,0.01815404095596267,0.0,0.0,0.0,0.8392941359438892,0.8392941359443671,0.0,0.0,1.0,1.0,44.385473233472496,44.38547323347238,0.0,0.0
2023-03-18 03:00:00,0.3569375,1.9972489218888807,2.6,2,0.03827684999937553,0.0,0.0,0.0,0.0,0.8392941359438892,0.8392941359443671,0.0,0.0,1.0,1.0,44.195480220242416,44.19548022024219,0.0,0.0
2023-03-18 03:15:00,0.3569375,2.05742230582902,2.6,2,-0.021896533941968,0.014232747062279191,0.0,0.0,0.0,0.8392941359438892,0.839294135943163,0.0,0.0,1.0,1.0,44.00548720701233,44.005487207012,0.0,0.0
2023-03-18 03:30:00,0.3569375,2.071750082666666,2.6,2,-0.036224310779613966,0.02354580200674916,0.0,0.0,0.0,0.8392941359438892,0.839294135943163,0.0,0.0,1.0,1.0,43.81549419378225,43.81549419378208,0.0,0.008812322999425505
2023-03-18 03:45:00,0.3569375,1.8994269144444471,2.6,2,0.1184742114444357,0.0,0.0,0.0,0.0,0.8304818129444638,0.8304818129444189,0.0,0.0,1.0,1.0,43.62550118055217,43.62550118055217,0.0,0.0
2023-03-18 04:00:00,0.3569375,2.0179011258888884,2.6,2,-5.773159728050814e-15,0.0,0.0,0.0,0.0,0.8304818129444638,0.8304818129444189,0.0,0.0,1.0,1.0,43.43750303387544,43.437503033875444,0.0,0.23125200084935937
2023-03-18 04:15:00,0.3569375,1.555397124190268,2.6,2,-2.220446049250313e-16,0.0,0.0,0.0,0.0,0.5992298120951043,0.5992298120951636,0.0,0.0,1.0,1.0,43.249504887198704,43.249504887198725,0.0,0.2675489362617718
2023-03-18 04:30:00,0.3569375,0.8770371461430746,2.6,2,0.14326210552360547,0.0,0.0,0.0,0.0,0.33168087583333256,0.3316808758333475,0.0,0.0,1.0,1.0,43.11385580692817,43.11385580692817,0.0,0.0
2023-03-18 04:45:00,0.3569375,1.0202992516666682,2.6,2,1.1823875212257917e-14,0.0,0.0,0.0,0.0,0.33168087583333256,0.3316808758333475,0.0,0.0,1.0,1.0,43.038772416813096,43.038772416813096,0.0,0.05528203749998928
2023-03-18 05:00:00,0.3569375,0.8560039248888927,2.6,2,0.053731251777786426,0.0,0.0,0.0,0.0,0.2763988383333433,0.2763988383333358,0.0,0.0,1.0,1.0,42.96368902669803,42.96368902669802,0.0,0.0
2023-03-18 05:15:00,0.3569375,0.8648343672081611,2.6,2,0.04490080945851799,0.0,0.0,0.0,0.0,0.2763988383333433,0.2763988383333358,0.0,0.0,1.0,1.0,42.90111996312511,42.90111996312511,0.0,0.0
2023-03-18 05:30:00,0.3569375,0.9533732605555536,2.6,2,-0.043638083888874524,0.028364754527768453,0.0,0.0,0.0,0.2763988383333433,0.2763988383333358,0.0,0.0,1.0,1.0,42.8385508995522,42.8385508995522,0.0,0.0
2023-03-18 05:45:00,0.3569375,0.9097351766666611,2.6,2,1.7930101847696278e-14,0.0,0.0,0.0,0.0,0.2763988383333433,0.2763988383333358,0.0,0.0,1.0,1.0,42.775981835979294,42.775981835979294,0.0,0.015112223611124964
2023-03-18 06:00:00,0.3569375,0.8795107294444416,2.6,2,0.0,0.0,0.0,0.0,0.0,0.2612866147222183,0.2612866147222233,0.0,0.0,1.0,1.0,42.71341277240637,42.71341277240637,0.0,0.04016986677223154
2023-03-18 06:15:00,0.3569375,0.7991709958999553,2.6,2,0.0,0.0,0.0,0.0,0.0,0.22111674794998676,0.22111674794996855,0.0,0.0,1.0,1.0,42.65426469889823,42.65426469889823,0.0,0.10302569251765506
2023-03-18 06:30:00,0.36913569685376874,0.6053178077183821,2.6,2,0.0,0.0,0.0,0.0,0.0,0.11809105543233171,0.11809105543228161,0.0,0.0,1.0,1.0,42.60420997383881,42.60420997383881,0.0,0.0875647537863693
2023-03-18 06:45:00,0.40146145437472563,0.4625140576666657,2.6,2,3.469446951953614e-18,0.0,0.0,0.0,0.0,0.030526301645962414,0.030526301645977656,0.0,0.0,1.0,1.0,42.57747742026048,42.577477420260486,0.40062023739372143,0.030526301645962414
2023-03-18 07:00:00,1.2836276674541645,0.4823871926666607,2.6,2,0.0,0.0,0.0,0.4006202373937215,0.4006202373937822,0.0,0.0,1.0,1.0,0.0,0.0,42.57056710862586,42.57056710862586,0.5140397985294363,0.0
2023-03-18 07:15:00,2.350410366849654,0.5210902950032872,2.6,2,0.0,0.0,0.0,0.9146600359231577,0.914660035923209,0.0,0.0,1.0,1.0,0.0,0.0,42.64668495373067,42.64668495373068,0.6980008158500309,0.0
2023-03-18 07:30:00,3.661412370990797,0.4360906674444445,2.6,2,0.0,0.0,0.0,1.6126608517731889,1.6126608517731635,0.0,0.0,1.0,1.0,0.0,0.0,42.82047036055608,42.82047036055609,0.7050921173368887,0.0
2023-03-18 07:45:00,5.175924615442342,0.5404186772222277,2.6,2,0.0,0.0,0.0,2.3177529691100776,2.3177529691100367,0.0,0.0,1.0,1.0,0.0,0.0,43.126875922392976,43.12687592239298,1.102030054209172,0.0
2023-03-18 08:00:00,7.33425104963851,0.4946850029999934,2.6,2,0.0,0.0,0.0,3.4197830233192494,3.419783023319267,0.0,0.0,1.0,1.0,0.0,0.0,43.56724898652389,43.56724898652389,0.0,0.0
2023-03-18 08:15:00,9.249302597958252,0.4334748613302511,2.6,2,1.9762616899894827,0.0,0.0,3.4197830233192494,3.419783023319267,0.0,0.0,1.0,1.0,0.0,0.0,44.21700776095455,44.21700776095455,0.0,0.0
2023-03-18 08:30:00,10.183091942648348,0.5616523163766381,2.6,2,2.7818735796331926,0.0,0.0,3.4197830233192494,3.419783023319267,0.0,0.0,1.0,1.0,0.0,0.0,44.86676653538521,44.86676653538521,0.0,0.0
2023-03-18 08:45:00,6.744316167890744,0.6583920271111158,2.6,2,-0.753641905858889,0.48986723880827787,0.0,3.4197830233192494,3.419783023319267,0.0,0.0,1.0,1.0,0.0,0.0,45.51652530981587,45.51652530981587,0.1541728422138506,0.0
2023-03-18 09:00:00,9.649873656391957,0.6081463015844796,5.8,2,1.8938156237412773,0.0,0.0,3.5739558655331,3.5739558655331,0.0,0.0,1.0,1.0,0.0,0.0,46.16628408424652,46.16628408424652,0.0,0.0
2023-03-18 09:15:00,9.692394153595583,0.6231930733333332,5.8,2,1.9212893491960497,0.0,0.0,3.5739558655331,3.5739558655331,0.0,0.0,1.0,1.0,0.0,0.0,46.84533569869781,46.84533569869781,0.0,0.0
2023-03-18 09:30:00,11.833193301473953,0.682821560111112,5.8,2,4.002460010296641,0.0,0.0,3.5739558655331,3.5739558655331,0.0,0.0,1.0,1.0,0.0,0.0,47.5243873131491,47.5243873131491,0.0,0.0
2023-03-18 09:45:00,7.748034540955071,0.6001228098888856,5.8,2,-1.509903313490213e-14,0.0,0.0,3.5739558655331,3.5739558655331,0.0,0.0,1.0,1.0,0.0,0.0,48.203438927600395,48.203438927600395,1.3949986990535639,0.0
2023-03-18 10:00:00,12.752599467890422,0.5265607395555552,5.8,2,2.2881295991615467,0.0,0.0,4.968954564586664,4.968954564586657,0.0,0.0,1.0,1.0,0.0,0.0,48.88249054205168,48.88249054205168,0.0,0.0
2023-03-18 10:15:00,12.320970863470967,0.6251360145555547,5.8,2,1.7579257197420919,0.0,0.0,4.968954564586664,4.968954564586657,0.0,0.0,1.0,1.0,0.0,0.0,49.82659190932314,49.82659190932314,0.0,0.0
2023-03-18 10:30:00,11.866495286282,0.5660717300234503,5.8,2,1.3625144270852285,0.0,0.0,4.968954564586664,4.968954564586657,0.0,0.0,1.0,1.0,0.0,0.0,50.77069327659461,50.77069327659461,0.0,0.0
2023-03-18 10:45:00,10.914425389939055,0.4805174648888913,5.8,2,0.4959987958768437,0.0,0.0,4.968954564586664,4.968954564586657,0.0,0.0,1.0,1.0,0.0,0.0,51.71479464386608,51.71479464386608,0.0,0.0
2023-03-18 11:00:00,17.305581081024616,0.6172061152470082,5.8,2,6.750465836604288,0.0,0.0,4.968954564586664,4.968954564586657,0.0,0.0,1.0,1.0,0.0,0.0,52.65889601113755,52.65889601113755,0.0,0.0
2023-03-18 11:15:00,23.906345453307832,0.4531680973333328,5.8,2,13.51526822680118,0.0,0.0,4.968954564586664,4.968954564586657,0.0,0.0,1.0,1.0,0.0,0.0,53.60299737840901,53.60299737840901,0.0,0.0
2023-03-18 11:30:00,20.183361164164477,0.4068717166666639,5.8,2,9.838580318324492,0.0,0.0,4.968954564586664,4.968954564586657,0.0,0.0,1.0,1.0,0.0,0.0,54.54709874568048,54.54709874568048,0.0,0.0
2023-03-18 11:45:00,10.534970017840006,0.5970608886666764,5.8,2,1.7763568394002505e-15,0.0,0.0,4.968954564586663,4.968954564586665,0.0,0.0,1.0,1.0,0.0,0.0,55.491200112951944,55.49120011295193,2.952071855186777,0.0
2023-03-18 12:00:00,23.018161341198553,0.4128698348888884,5.8,2,6.763238666762779,0.0,0.0,7.921026419773441,7.921026419773447,0.0,0.0,1.0,1.0,0.0,0.0,56.43530148022341,56.4353014802234,0.0,0.0
2023-03-18 12:15:00,19.61407128991968,0.4729693653192311,5.8,2,3.2990490850535616,0.0,0.0,7.921026419773441,7.921026419773447,0.0,0.0,1.0,1.0,0.0,0.0,57.94029649998036,57.940296499980356,0.0,0.0
2023-03-18 12:30:00,29.65625800703082,0.6254726039885343,5.8,2,13.1887325634954,0.0,0.0,7.921026419773441,7.921026419773447,0.0,0.0,1.0,1.0,0.0,0.0,59.44529151973732,59.44529151973731,0.0,0.0
2023-03-18 12:45:00,29.059453448567986,0.5414141988888892,5.8,2,12.675986410132207,0.0,0.0,7.921026419773441,7.921026419773447,0.0,0.0,1.0,1.0,0.0,0.0,60.95028653949427,60.95028653949426,0.0,0.0
2023-03-18 13:00:00,27.572964450630298,0.560555434777776,5.8,2,11.170356176305635,0.0,0.0,7.921026419773441,7.921026419773447,0.0,0.0,1.0,1.0,0.0,0.0,62.455281559251226,62.45528155925121,0.0,0.0
2023-03-18 13:15:00,27.475847945801274,0.6388258631111071,5.8,2,10.994969243143277,0.0,0.0,7.921026419773441,7.921026419773447,0.0,0.0,1.0,1.0,0.0,0.0,63.96027657900818,63.960276579008166,0.0,0.0
2023-03-18 13:30:00,25.22831015921782,0.5733552965032884,5.8,2,8.812902023167645,0.0,0.0,7.921026419773441,7.921026419773447,0.0,0.0,1.0,1.0,0.0,0.0,65.46527159876513,65.46527159876513,0.0,0.0
2023-03-18 13:45:00,25.101682503333933,0.5381855435555554,5.8,2,8.721444120231489,0.0,0.0,7.921026419773441,7.921026419773447,0.0,0.0,1.0,1.0,0.0,0.0,66.97026661852209,66.97026661852207,0.0,0.0
2023-03-18 14:00:00,24.72916790396015,1.1643564808888398,5.8,2,7.7227585835244215,0.0,0.0,7.921026419773441,7.921026419773447,0.0,0.0,1.0,1.0,0.0,0.0,68.47526163827904,68.47526163827904,0.0,0.0
2023-03-18 14:15:00,23.765355979709927,4.4861428465555,5.8,2,3.4371602936075414,0.0,0.0,7.921026419773441,7.921026419773447,0.0,0.0,1.0,1.0,0.0,0.0,69.980256658036,69.98025665803598,0.0,0.0
2023-03-18 14:30:00,22.533314382718352,6.691261543171462,5.8,2,1.7763568394002505e-15,0.0,0.0,7.921026419773441,7.921026419773447,0.0,0.0,1.0,1.0,0.0,0.0,71.48525167779295,71.48525167779295,0.15002184414578873,0.0
2023-03-18 14:45:00,21.819622301144296,6.277613149888903,5.8,2,-2.6645352591003757e-15,0.0,0.0,7.771004575627652,7.771004575627743,0.0,0.0,1.0,1.0,0.0,0.0,72.9902466975499,72.9902466975499,0.40546140368252265,0.0
2023-03-18 15:00:00,20.019677679890293,5.288591336000023,5.8,2,-2.6645352591003757e-15,0.0,0.0,7.365543171945129,7.365543171945144,0.0,0.0,1.0,1.0,0.0,0.0,74.46673756691916,74.46673756691918,1.2672234423095892,0.0
2023-03-18 15:15:00,18.227150196382254,6.0305107371111,5.8,2,-8.881784197001252e-16,0.0,0.0,6.098319729635539,6.098319729635616,0.0,0.0,1.0,1.0,0.0,0.0,75.86619076958874,75.86619076958874,1.6487684903926176,0.0
2023-03-18 15:30:00,16.685225155374653,7.786122676888892,5.8,2,0.0,0.0,0.0,4.449551239242922,4.4495512392428385,0.0,0.0,1.0,1.0,0.0,0.0,77.0248715182195,77.0248715182195,1.3698570204892024,0.0
2023-03-18 15:45:00,15.025279679965667,8.865891242458227,5.8,2,-4.440892098500626e-16,0.0,0.0,3.07969421875372,3.0796942187537204,0.0,0.0,1.0,1.0,0.0,0.0,77.87028625367564,77.87028625367564,0.0,0.0
2023-03-18 16:00:00,12.127890440817152,5.715028610777759,5.8,2,0.25347339253195234,0.0,0.0,3.07969421875372,3.079694218753721,0.0,0.0,1.0,1.0,0.0,0.0,78.45542815523886,78.45542815523886,3.07969421875372,0.4269225611762213
2023-03-18 16:15:00,5.37460647286971,6.228451595222218,5.8,2,0.0,0.0,0.0,0.0,0.0,0.4269225611762213,0.426922561176287,0.0,0.0,1.0,1.0,79.04057005680207,79.04057005680207,0.0,1.2601654073629664
2023-03-18 16:30:00,3.2921920837917553,7.191815072339795,5.8,2,-0.5254470514696639,0.7618982246310128,0.0,0.0,0.0,1.6870879685391877,1.6870879685391875,0.0,0.0,1.0,1.0,78.94392657945598,78.94392657945598,0.0,0.0
2023-03-18 16:45:00,2.713995486848111,5.086378169444469,5.8,2,1.0017932544820176,0.0,0.0,0.0,0.0,1.687087968539188,1.6870879685391877,0.0,0.0,1.0,1.0,78.56201645641373,78.56201645641373,0.0,0.0
2023-03-18 17:00:00,2.1811941780003554,4.519842547222217,5.8,2,1.0355275678565148,0.0,0.0,0.0,0.0,1.687087968539188,1.687087968539188,0.0,0.0,1.0,1.0,78.18010633337147,78.18010633337147,0.0,0.0
2023-03-18 17:15:00,1.7003891178105117,5.074565054888889,5.8,2,-4.440892098500626e-16,0.0,0.0,0.0,0.0,1.6870879685391882,1.6870879685391882,0.0,0.0,1.0,1.0,77.79819621032921,77.79819621032921,0.0,0.011414284899314555
2023-03-18 17:30:00,1.2657469832757882,4.617094350555555,5.8,2,0.0,0.0,0.0,0.0,0.0,1.6756736836398738,1.6756736836398933,0.0,0.0,1.0,1.0,77.41628608728695,77.41628608728695,0.0,0.04929814382232565
2023-03-18 17:45:00,0.8065301155871806,4.059281195222255,5.8,2,-2.220446049250313e-16,0.0,0.0,0.0,0.0,1.626375539817548,1.626375539817526,0.0,0.0,1.0,1.0,77.03695984311267,77.03695984311267,0.0,0.4096154756913614
2023-03-18 18:00:00,0.3764100463070944,2.8099301745594234,5.8,2,-2.220446049250313e-16,0.0,0.0,0.0,0.0,1.2167600641261864,1.2167600641261422,0.0,0.0,1.0,1.0,76.6687933372117,76.6687933372117,0.0,0.08883744111094341
2023-03-18 18:15:00,0.24477404722348375,2.44805237077776,5.8,2,0.052566922476209754,0.0,0.0,0.0,0.0,1.127922623015243,1.127922623015243,0.0,0.0,1.0,1.0,76.39335246248025,76.39335246248025,0.0,0.0
2023-03-18 18:30:00,0.2566875,2.45729306275973,5.8,2,0.05523968327075668,0.0,0.0,0.0,0.0,1.1279226230152433,1.1279226230152433,0.0,0.0,1.0,1.0,76.13802193095445,76.13802193095445,0.0,0.0
2023-03-18 18:45:00,0.2566875,2.5125327460305096,5.8,2,-2.2648549702353193e-14,0.0,0.0,0.0,0.0,1.1279226230152435,1.1279226230152435,0.0,0.0,1.0,1.0,75.88269139942864,75.88269139942864,0.0,0.005689981848577497
2023-03-18 19:00:00,0.2566875,2.3953202567777825,5.8,2,0.10583252555554945,0.0,0.0,0.0,0.0,1.122232641166666,1.1222326411666659,0.0,0.0,1.0,1.0,75.62736086790284,75.62736086790284,0.0,0.0
2023-03-18 19:15:00,0.2566875,2.3036899738888734,5.8,2,0.19746280844445874,0.0,0.0,0.0,0.0,1.122232641166666,1.122232641166666,0.0,0.0,1.0,1.0,75.37331839112487,75.37331839112487,0.0,0.0
2023-03-18 19:30:00,0.2566875,2.4834465322222226,5.8,2,0.017706250111109822,0.0,0.0,0.0,0.0,1.1222326411666663,1.122232641166666,0.0,0.0,1.0,1.0,75.11927591434691,75.11927591434691,0.0,0.0
2023-03-18 19:45:00,0.2566875,2.4671756795555333,5.8,2,0.033977102777799306,0.0,0.0,0.0,0.0,1.1222326411666663,1.1222326411666663,0.0,0.0,1.0,1.0,74.86523343756895,74.86523343756895,0.0,0.0
2023-03-18 20:00:00,0.2566875,2.282063433187393,5.8,2,0.2190893491459398,0.0,0.0,0.0,0.0,1.1222326411666665,1.1222326411666663,0.0,0.0,1.0,1.0,74.61119096079098,74.61119096079098,0.0,0.0
2023-03-18 20:15:00,0.2566875,2.501152782333333,5.8,2,0.0,0.0,0.0,0.0,0.0,1.1222326411666665,1.1222326411666665,0.0,0.0,1.0,1.0,74.35714848401301,74.35714848401301,0.0,0.0
2023-03-18 20:30:00,0.2566875,2.4367594341845087,5.8,2,0.06439334814882414,0.0,0.0,0.0,0.0,1.1222326411666665,1.1222326411666663,0.0,0.0,1.0,1.0,74.10310600723504,74.10310600723504,0.0,0.0
2023-03-18 20:45:00,0.2566875,0.7501627699504252,5.8,2,1.7509900123829074,0.0,0.0,0.0,0.0,1.1222326411666663,1.1222326411666663,0.0,0.0,1.0,1.0,73.84906353045707,73.84906353045707,0.0,0.0
2023-03-18 21:00:00,0.2566875,0.6747379062222214,5.8,2,1.826414876111111,0.0,0.0,0.0,0.0,1.1222326411666663,1.122232641166666,0.0,0.0,1.0,1.0,73.59502105367912,73.59502105367912,0.0,0.0
2023-03-18 21:15:00,0.2566875,0.7249002874444376,5.8,2,1.7762524948888947,0.0,0.0,0.0,0.0,1.122232641166666,1.122232641166666,0.0,0.0,1.0,1.0,73.34097857690115,73.34097857690115,0.0,0.0
2023-03-18 21:30:00,0.25668749999999935,0.661482172888895,5.8,2,1.8396706094444364,0.0,0.0,0.0,0.0,1.122232641166666,1.1222326411666659,0.0,0.0,1.0,1.0,73.08693610012318,73.08693610012318,0.0,0.0
2023-03-18 21:45:00,0.2566875,0.6517717331303747,5.8,2,1.849381049202957,0.0,0.0,0.0,0.0,1.1222326411666659,1.1222326411666659,0.0,0.0,1.0,1.0,72.83289362334521,72.83289362334521,0.0,0.0
2023-03-18 22:00:00,0.2566875,0.6558538106666677,5.8,2,1.8452989716666637,0.0,0.0,0.0,0.0,1.1222326411666659,1.1222326411666654,0.0,0.0,1.0,1.0,72.57885114656725,72.57885114656725,0.0,0.0
2023-03-18 22:15:00,0.2566875,0.8371953606666774,5.8,2,1.6639574216666535,0.0,0.0,0.0,0.0,1.1222326411666654,1.1222326411666654,0.0,0.0,1.0,1.0,72.32480866978928,72.32480866978928,0.0,0.0
2023-03-18 22:30:00,0.2566875,0.6173186005578218,5.8,2,1.8838341817755089,0.0,0.0,0.0,0.0,1.1222326411666654,1.1222326411666652,0.0,0.0,1.0,1.0,72.07076619301132,72.07076619301132,0.0,0.0
2023-03-18 22:45:00,0.2566875,0.6554542680474227,5.8,2,1.8456985142859075,0.0,0.0,0.0,0.0,1.1222326411666652,1.122232641166665,0.0,0.0,1.0,1.0,71.81672371623335,71.81672371623335,0.0,0.0
2023-03-18 23:00:00,0.2566875,0.8203818602222231,2.6,2,1.6807709221111076,0.0,0.0,0.0,0.0,1.1222326411666654,1.1222326411666652,0.0,0.0,1.0,1.0,71.56268123945539,71.56268123945539,0.0,0.0
2023-03-18 23:15:00,0.2566875,0.6398880481111111,2.6,2,1.8612647342222195,0.0,0.0,0.0,0.0,1.1222326411666654,1.1222326411666652,0.0,0.0,1.0,1.0,71.30863876267742,71.30863876267742,0.0,0.0
2023-03-18 23:30:00,0.2566875,0.6984172818888831,2.6,2,1.8027355004444476,0.0,0.0,0.0,0.0,1.1222326411666654,1.1222326411666652,0.0,0.0,1.0,1.0,71.05459628589945,71.05459628589945,0.0,0.0
2023-03-18 23:45:00,0.2566875,0.8406830207777788,2.6,2,1.660469761555552,0.0,0.0,0.0,0.0,1.1222326411666654,1.1222326411666652,0.0,0.0,1.0,1.0,70.8005538091215,70.8005538091215,0.0,0.0
