datetime,PV,PL,Buy_rate,Sell_rate,Pchg_1,Pchg_2,Pdchg_1,Pdchg_2,s,soc_1,soc_2,u,xchg_1,xchg_2,xdchg_1,xdchg_2,Pnet
01-Nov-2023 00:00:00,0.000310484716203064,2.056233,2.6,2,7.3288563357616,7.3288563357616,0,0,0,50,50,10.8638628714245,1,1,-0,-0,-16.713635186807
01-Nov-2023 00:15:00,0.0528844866603613,1.89256,2.6,2,7.3288563357616,7.3288563357616,0,0,0,51.3924827037947,51.3924827037947,10.7233023201608,1,1,-0,-0,-16.4973881848628
01-Nov-2023 00:30:00,0,1.7196147,2.6,2,7.3288563357616,7.3288563357616,0,0,0,52.7849654075894,52.7849654075894,10.6452627914901,1,1,-0,-0,-16.3773273715232
01-Nov-2023 00:45:00,0,1.5871818,2.6,2,7.3288563357616,7.3288563357616,0,0,0,54.1774481113841,54.1774481113841,10.5591814064901,1,1,-0,-0,-16.2448944715232
01-Nov-2023 01:00:00,0,1.3750806,2.6,2,7.3288563357616,7.3288563357616,0,0,0,55.5699308151788,55.5699308151788,10.4213156264901,1,1,-0,-0,-16.0327932715232
01-Nov-2023 01:15:00,0,1.4440188,2.6,2,7.3288563357616,7.3288563357616,0,0,0,56.9624135189735,56.9624135189735,10.4661254564901,1,1,-0,-0,-16.1017314715232
01-Nov-2023 01:30:00,0,1.619828,2.6,2,7.3288563357616,7.3288563357616,0,0,0,58.3548962227682,58.3548962227682,10.5804014364901,1,1,-0,-0,-16.2775406715232
01-Nov-2023 01:45:00,0.05782047059834,1.5373502,2.6,2,7.3288563357616,7.32885633576161,0,0,0,59.7473789265629,59.7473789265629,10.4892075606012,1,1,-0,-0,-16.1372424009249
01-Nov-2023 02:00:00,0,1.3909907,2.6,2,7.3288563357616,7.32885633576161,0,0,0,61.1398616303576,61.1398616303576,10.4316571914901,1,1,-0,-0,-16.0487033715232
01-Nov-2023 02:15:00,0,1.3540808,2.6,2,7.3288563357616,7.32885633576161,0,0,0,62.5323443341523,62.5323443341523,10.4076657564901,1,1,-0,-0,-16.0117934715232
01-Nov-2023 02:30:00,0,1.3981628,2.6,2,7.3288563357616,7.32885633576161,0,0,0,63.924827037947,63.924827037947,10.4363190564901,1,1,-0,-0,-16.0558754715232
01-Nov-2023 02:45:00,0,1.3526456,2.6,2,7.3288563357616,7.32885633576157,0,0,0,65.3173097417418,65.3173097417418,10.4067328764901,1,1,-0,-0,-16.0103582715232
01-Nov-2023 03:00:00,0,1.3261342,2.6,2,7.3288563357616,7.32885633576157,0,0,0,66.7097924455365,66.7097924455365,10.3895004664901,1,1,-0,-0,-15.9838468715232
01-Nov-2023 03:15:00,0,1.2475471,2.6,2,7.3288563357616,7.32885633576157,0,0,0,68.1022751493311,68.1022751493311,10.3384188514901,1,1,-0,-0,-15.9052597715232
01-Nov-2023 03:30:00,0,1.0487761,2.6,2,1.16975694476854,1.16975694476853,0,0,0,69.4947578531258,69.4947578531258,2.20238849319909,1,1,-0,-0,-3.38828998953707
01-Nov-2023 03:45:00,0,1.0372589,2.6,2,1.16975694476852,1.16975694476853,0,0,0,69.7170116726319,69.7170116726319,2.19490231319908,1,1,-0,-0,-3.37677278953705
01-Nov-2023 04:00:00,0.030751552670449,0.97294647,2.6,2,1.16975694476852,1.16975694476853,0,0,0,69.9392654921379,69.9392654921379,2.13311072446329,1,1,-0,-0,-3.2817088068666
01-Nov-2023 04:15:00,0.116809230029583,0.72462237,2.6,2,1.16975694476852,1.16975694476853,0,0,0,70.1615193116439,70.1615193116439,1.91576256917985,1,1,-0,-0,-2.94732702950747
01-Nov-2023 04:30:00,0.0407302126228809,0.7004614,2.6,2,1.16975694476852,1.16975694476853,0,0,0,70.3837731311499,70.3837731311499,1.94950929999421,1,1,-0,-0,-2.99924507691417
01-Nov-2023 04:45:00,0.0710954530745745,0.667694,2.6,2,1.16975694476852,1.16975694476853,0,0,0,70.606026950656,70.606026950656,1.90847308370061,1,1,-0,-0,-2.93611243646247
01-Nov-2023 05:00:00,0,0.78792036,2.6,2,1.16975694476852,1.16975694476853,0,0,0,70.828280770162,70.828280770162,2.03283226219908,1,1,-0,-0,-3.12743424953705
01-Nov-2023 05:15:00,0,0.7141473,2.6,2,1.16975694476852,1.16975694476853,0,0,0,71.050534589668,71.050534589668,1.98487977319908,1,1,-0,-0,-3.05366118953705
01-Nov-2023 05:30:00,0,0.73541296,2.6,2,1.16975694476852,1.16975694476853,0,0,0,71.272788409174,71.272788409174,1.99870245219908,1,1,-0,-0,-3.07492684953705
01-Nov-2023 05:45:00,0,0.9045815,2.6,2,1.16975694476852,1.16975694476853,0,0,0,71.49504222868,71.49504222868,2.10866200319908,1,1,-0,-0,-3.24409538953705
01-Nov-2023 06:00:00,0,0.98399687,2.6,2,1.16975694476852,1.16975694476853,0,0,0,71.7172960481861,71.7172960481861,2.16028199369908,1,1,-0,-0,-3.32351075953705
01-Nov-2023 06:15:00,0.00139041017764248,1.117903,2.6,2,1.16975694476852,1.16975694476853,0,0,0,71.9395498676921,71.9395498676921,2.24641721158361,1,1,-0,-0,-3.45602647935941
01-Nov-2023 06:30:00,0.623260166215897,0.93241966,2.6,2,1.16975694476852,1.16975694476853,0,0,0,72.1618036871981,72.1618036871981,1.72163769915875,1,1,-0,-0,-2.64867338332115
01-Nov-2023 06:45:00,1.04643321561813,0.8150064,2.6,2,1.16975694476852,1.16975694476853,0,0,0,72.3840575067041,72.3840575067041,1.37025659804729,1,1,-0,-0,-2.10808707391891
01-Nov-2023 07:00:00,1.57439661097527,1.2387025,2.6,2,1.16975694476852,1.16975694476853,0,0,0,72.6063113262102,72.6063113262102,1.30248285606516,1,1,-0,-0,-2.00381977856178
01-Nov-2023 07:15:00,1.99339284739494,1.4477258,2.6,2,1.16975694476852,1.16975694476853,0,0,0,72.8285651457162,72.8285651457162,1.16600044739237,1,1,-0,-0,-1.79384684214211
01-Nov-2023 07:30:00,2.50528341608047,1.6575181,2.6,2,1.16975694476852,1.16975694476853,0,0,0,73.0508189652222,73.0508189652222,0.969636572746773,1,1,-0,-0,-1.49174857345657
01-Nov-2023 07:45:00,3.35871116981506,1.9425104,2.6,2,1.16975694476852,1.16975694476853,0,0,0,73.2730727847282,73.2730727847282,0.60015352781929,1,1,-0,-0,-0.923313119721985
01-Nov-2023 08:00:00,4.05172870960236,2.1194475,2.6,2,1.16975694476852,1.16975694476853,0,0,0,73.4953266042342,73.4953266042342,0.26470124195755,1,1,-0,-0,-0.407232679934693
01-Nov-2023 08:15:00,4.68326868953705,2.3437548,2.6,2,1.16975694476852,1.16975694476853,0,0,0,73.7175804237402,73.7175804237402,0,1,1,-0,-0,0
01-Nov-2023 08:30:00,5.46568762207031,2.8238294,2.6,2,1.32092911103525,1.32092911103507,0,0,0,73.9398342432463,73.9398342432463,0,1,1,-0,-0,0
01-Nov-2023 08:45:00,6.14161624660492,3.2253926,2.6,2,1.45811182330236,1.45811182330256,0,0,0,74.1908107743429,74.1908107743429,0,1,1,-0,-0,0
01-Nov-2023 09:00:00,7.00139233360291,3.5655637,5.8,2,1.71791431680146,1.71791431680145,0,0,0,74.4678520207704,74.4678520207704,0,1,1,-0,-0,-4.44089209850063e-16
01-Nov-2023 09:15:00,7.48709995822907,3.8044813,5.8,2,1.84130932911451,1.84130932911455,0,0,0,74.7942557409627,74.7942557409627,0,1,1,-0,-0,0
01-Nov-2023 09:30:00,8.15143081855774,4.3535824,5.8,2,1.8989242092789,1.89892420927884,0,0,0,75.1441045134945,75.1441045134945,0,1,1,-0,-0,0
01-Nov-2023 09:45:00,9.05826191253662,4.615978,5.8,2,2.22114195626831,2.22114195626831,0,0,0,75.5049001132574,75.5049001132574,0,1,1,-0,-0,0
01-Nov-2023 10:00:00,9.29228633995056,4.793672,5.8,2,2.23087718094943,2.23087718094938,0,0,0,75.9269170849484,75.9269170849484,0,1,1,-0,-0,0.0368599780517558
01-Nov-2023 10:15:00,9.7888269618988,5.3270726,5.8,2,2.23087718094943,2.23087718094938,0,0,0,76.3507837493288,76.3507837493288,0,1,1,-0,-0,-8.88178419700125e-16
01-Nov-2023 10:30:00,10.1184342876434,5.666685,5.8,2,2.22587464382168,2.22587464382175,0,0,0,76.7746504137092,76.7746504137092,0,1,1,-0,-0,0
01-Nov-2023 10:45:00,10.051438212204,6.1563044,5.8,2,1.947566906102,1.94756690610198,0,0,0,77.1975665960353,77.1975665960353,0,1,1,-0,-0,0
01-Nov-2023 11:00:00,10.4732669185638,6.4326367,5.8,2,1.947566906102,1.94756690610198,0,0,0,77.5676043081947,77.5676043081947,0,1,1,-0,-0,0.145496406359864
01-Nov-2023 11:15:00,10.2294699897766,6.868392,5.8,2,1.68053899488831,1.6805389948883,0,0,0,77.9376420203541,77.9376420203541,0,1,1,-0,-0,0
01-Nov-2023 11:30:00,10.541114655304,7.0530286,5.8,2,1.68053899488831,1.6805389948883,0,0,0,78.2569444293828,78.2569444293828,0,1,1,-0,-0,0.127008065527344
01-Nov-2023 11:45:00,10.2587135616302,7.060775,5.8,2,1.59896928081515,1.5989692808151,0,0,0,78.5762468384116,78.5762468384116,0,1,1,-0,-0,0
01-Nov-2023 12:00:00,10.6027549621582,7.6022644,5.8,2,1.50024528107913,1.50024528107907,0,0,0,78.8800510017665,78.8800510017665,0,1,1,-0,-0,0
01-Nov-2023 12:15:00,10.0823639831543,8.0689745,5.8,2,1.00669474157715,1.00669474157715,0,0,0,79.1650976051715,79.1650976051715,0,1,1,-0,-0,0
01-Nov-2023 12:30:00,10.2612762268066,8.246889,5.8,2,1.00719361340332,1.00719361340332,0,0,0,79.3563696060712,79.3563696060712,0,1,1,-0,-0,0
01-Nov-2023 12:45:00,10.2014429397583,8.175008,5.8,2,1.00719361340332,1.00719361340332,0,0,0,79.5477363926178,79.5477363926178,0,1,1,-0,-0,0.0120477129516594
01-Nov-2023 13:00:00,9.67964916801453,8.48897,5.8,2,0.595339584007292,0.595339584007236,0,0,0,79.7391031791644,79.7391031791644,0,1,1,-0,-0,0
01-Nov-2023 13:15:00,9.61947886505127,8.491753,5.8,2,0.563862932525625,0.563862932525646,0,0,0,79.8522177001258,79.8522177001258,0,1,1,-0,-0,0
01-Nov-2023 13:30:00,9.11334529151917,8.685468,5.8,2,0.213938645759532,0.213938645759634,0,0,0,79.9593516573057,79.9593516573057,0,1,1,-0,-0,0
01-Nov-2023 13:45:00,8.78796554718018,9.001966,5.8,2,0,0,0.107000226409969,0.107000226409843,0,80,80,0,0,-0,1,1,-1.14352971536391e-14
01-Nov-2023 14:00:00,8.14169480323792,9.265919,5.8,2,0,0,0.562112098381112,0.562112098380972,0,79.9757781038121,79.9757781038121,0,-0,-0,1,1,0
01-Nov-2023 14:15:00,7.54992606182098,9.7179785,5.8,2,0,0,1.08402621908951,1.08402621908951,0,79.8485314488305,79.8485314488306,0,-0,-0,1,1,0
01-Nov-2023 14:30:00,6.86809533805847,9.789092,5.8,2,0,0,1.46049833097064,1.46049833097089,0,79.6031378508476,79.6031378508476,0,-0,-0,1,1,0
01-Nov-2023 14:45:00,6.466445819664,10.052316,5.8,2,0,0,1.79293509016813,1.79293509016787,0,79.2725213639273,79.2725213639272,0,-0,-0,1,1,0
01-Nov-2023 15:00:00,6.04446780853271,9.819645,5.8,2,0,0,1.88758859573353,1.88758859573376,0,78.8666503757737,78.8666503757738,0,-0,-0,1,1,4.44089209850063e-16
01-Nov-2023 15:15:00,5.17924761829376,9.823898,5.8,2,0,0,2.32232519085312,2.32232519085312,0,78.4393524480468,78.4393524480468,0,-0,-0,1,1,0
01-Nov-2023 15:30:00,4.8078906457901,9.755466,5.8,2,0,0,2.47378767710509,2.47378767710481,0,77.9136421614926,77.9136421614926,0,-0,-0,1,1,0
01-Nov-2023 15:45:00,3.83800733070374,9.741513,5.8,2,0,0,2.95175283464812,2.95175283464814,0,77.3536449510557,77.3536449510557,0,-0,-0,1,1,0
01-Nov-2023 16:00:00,3.39166911792755,9.800767,5.8,2,0,0,3.20454894103609,3.20454894103636,0,76.6854496291207,76.6854496291207,0,-0,-0,1,1,0
01-Nov-2023 16:15:00,2.47307799282074,9.557477,5.8,2,0,0,3.54219950358975,3.54219950358951,0,75.9600282502783,75.9600282502783,0,-0,-0,1,1,0
01-Nov-2023 16:30:00,1.97552128229141,9.289594,5.8,2,0,0,3.65703635885417,3.65703635885442,0,75.1581721091148,75.1581721091148,0,-0,-0,1,1,0
01-Nov-2023 16:45:00,1.50585287876129,9.208388,5.8,2,0,0,3.85126756061937,3.85126756061934,0,74.3303200754183,74.3303200754183,0,-0,0,1,1,0
01-Nov-2023 17:00:00,0.993489851689339,8.887867,5.8,2,0,0,3.92400159208924,3.92400159208911,0,73.4584994618089,73.4584994618089,0.0672422479918477,-0,0,1,1,-0.0463739641323082
01-Nov-2023 17:15:00,0.545324815821648,8.393328,5.8,2,0,0,3.92400159208924,3.92400159208911,0,72.5702138722019,72.5702138722019,0,-0,0,1,1,0
01-Nov-2023 17:30:00,0.280229693412781,8.121165,5.8,2,0,0,3.92046765329362,3.9204676532936,0,71.6819282825948,71.6819282825948,0,-0,0,1,1,-8.88178419700125e-16
01-Nov-2023 17:45:00,0.0529502013131976,7.8049955,5.8,2,0,0,3.87602264934329,3.87602264934352,0,70.7944426791327,70.7944426791327,0,-0,0,1,1,8.88178419700125e-16
01-Nov-2023 18:00:00,0,7.4005246,5.8,2,0,0,3.70026230000012,3.70026229999988,0,69.9170181971082,69.9170181971082,0,-0,0,1,1,-8.88178419700125e-16
01-Nov-2023 18:15:00,0.00333901116885245,7.1080155,5.8,2,0,0,3.55233824441546,3.55233824441569,0,69.0793810041257,69.0793810041257,0,0,-0,1,1,0
01-Nov-2023 18:30:00,0.112041694039106,7.0696216,5.8,2,0,0,3.47878995298044,3.47878995298045,0,68.2752297320452,68.2752297320452,0,0,-0,1,1,0
01-Nov-2023 18:45:00,0.0151658493183553,6.77671,5.8,2,0,0,3.38077207534092,3.38077207534072,0,67.4877277619308,67.4877277619308,0,-0,-0,1,1,0
01-Nov-2023 19:00:00,0.173943434268236,6.630882,5.8,2,0,0,3.22846928286584,3.22846928286593,0,66.722414332312,66.722414332312,0,0,-0,1,1,0
01-Nov-2023 19:15:00,0.125824885833263,6.7647657,5.8,2,0,0,3.22846928286596,3.22846928286593,0,65.9915780486978,65.9915780486978,0.263903260230534,0,0,1,1,-0.182002248434851
01-Nov-2023 19:30:00,0.186586316871643,6.1220565,5.8,2,0,0,2.96773509156421,2.96773509156415,0,65.2607417650835,65.2607417650835,0,0,-0,1,1,0
01-Nov-2023 19:45:00,0.0218681138031185,6.074466,5.8,2,0,0,2.96773509156421,2.96773509156415,0,64.5889285015715,64.5889285015716,0.16983516944936,0,-0,1,1,-0.117127703068524
01-Nov-2023 20:00:00,0.167643529039621,6.0644784,5.8,2,0,0,2.94841743548016,2.94841743548022,0,63.9171152380596,63.9171152380596,0,0,-0,1,1,-8.88178419700125e-16
01-Nov-2023 20:15:00,0.0366494605779648,5.5600047,5.8,2,0,0,2.76167761971107,2.76167761971096,0,63.249674958381,63.249674958381,0,-0,-0,1,1,0
01-Nov-2023 20:30:00,0,5.5178328,5.8,2,0,0,2.75891639999993,2.75891640000007,0,62.6245074157186,62.6245074157186,0,-0,0,1,1,0
01-Nov-2023 20:45:00,0,5.173575,5.8,2,0,0,2.58678750000006,2.58678749999994,0,61.999964936941,61.999964936941,0,-0,0,1,1,0
01-Nov-2023 21:00:00,0,4.85631,5.8,2,0,0,2.42815499999999,2.42815500000001,0,61.4143876873654,61.4143876873654,0,-0,0,1,1,0
01-Nov-2023 21:15:00,0,4.771329,5.8,2,0,0,2.38566449999995,2.38566450000005,0,60.8647204547678,60.8647204547678,0,-0,-0,1,1,0
01-Nov-2023 21:30:00,0.167623545724154,4.615013,5.8,2,0,0,2.22369472713792,2.22369472713793,0,60.3246718978917,60.3246718978917,0,-0,-0,1,1,0
01-Nov-2023 21:45:00,0.12744053388834,4.459563,5.8,2,0,0,2.16606123305589,2.16606123305577,0,59.8212888244027,59.8212888244027,0,-0,0,1,1,-8.88178419700125e-16
01-Nov-2023 22:00:00,0.178141910845041,4.3109455,5.8,2,0,0,2.06640179457749,2.06640179457747,0,59.3309523822848,59.3309523822848,0,0,0,1,1,0
01-Nov-2023 22:15:00,0.142440967637301,3.9208233,5.8,2,0,0,1.88919116618134,1.88919116618136,0,58.8631760847007,58.8631760847007,0,0,0,1,1,0
01-Nov-2023 22:30:00,0.0117110901955515,4.015625,5.8,2,0,0,1.88919116618134,1.88919116618136,0,58.4355153792833,58.4355153792833,0.327020787290537,0,-0,1,1,-0.225531577441749
01-Nov-2023 22:45:00,0.0677376409739256,3.7620363,5.8,2,0,0,1.84714932951304,1.84714932951303,0,58.0078546738659,58.0078546738659,0,-0,-0,1,1,0
01-Nov-2023 23:00:00,0.0865841428309679,3.506329,5.8,2,0,0,1.70987242858445,1.70987242858458,0,57.5897110791827,57.5897110791827,0,-0,-0,1,1,0
01-Nov-2023 23:15:00,0.0400104006975889,3.2623935,5.8,2,0,0,1.61119154965128,1.61119154965113,0,57.2026431836344,57.2026431836344,0,-0,-0,1,1,0
01-Nov-2023 23:30:00,0.221276602399349,3.0604,5.8,2,0,0,1.41956169880026,1.41956169880039,0,56.8379139137643,56.8379139137643,0,-0,-0,1,1,0
01-Nov-2023 23:45:00,0.0592172473400831,2.9348452,5.8,2,0,0,1.43781397633003,1.43781397632989,0,56.5165643498027,56.5165643498027,0,-0,-0,1,1,4.44089209850063e-16
02-Nov-2023 00:00:00,0,1.6038065,2.6,2,7.45761985262236,7.45761985262237,0,0,0,56.1910829742894,56.1910829742894,10.7373800334091,1,1,-0,-0,-16.5190462052447
02-Nov-2023 00:15:00,0.0356328094035387,1.5639982,2.6,2,7.45761985262236,7.45761985262237,0,0,0,57.6080307462877,57.6080307462877,10.6883433122968,1,1,-0,-0,-16.4436050958412
02-Nov-2023 00:30:00,0,1.6042933,2.6,2,7.45761985262236,7.45761985262237,0,0,0,59.0249785182859,59.0249785182859,10.7376964534091,1,1,-0,-0,-16.5195330052447
02-Nov-2023 00:45:00,0,1.7579837,2.6,2,7.45761985262236,7.45761985262237,0,0,0,60.4419262902842,60.4419262902842,10.8375952134091,1,1,-0,-0,-16.6732234052447
02-Nov-2023 01:00:00,0,1.7960598,2.6,2,7.45761985262236,7.45761985262237,0,0,0,61.8588740622824,61.8588740622824,10.8623446784091,1,1,-0,-0,-16.7112995052447
02-Nov-2023 01:15:00,0,1.9912839,2.6,2,7.45761985262236,7.45761985262237,0,0,0,63.2758218342807,63.2758218342807,10.9892403434091,1,1,-0,-0,-16.9065236052447
02-Nov-2023 01:30:00,0,2.1688225,2.6,2,7.45761985262236,7.45761985262237,0,0,0,64.6927696062789,64.6927696062789,11.1046404334091,1,1,-0,-0,-17.0840622052447
02-Nov-2023 01:45:00,0,2.2467535,2.6,2,7.45761985262236,7.45761985262237,0,0,0,66.1097173782772,66.1097173782772,11.1552955834091,1,1,-0,-0,-17.1619932052447
02-Nov-2023 02:00:00,0,2.5107563,2.6,2,7.45761985262236,7.45761985262237,0,0,0,67.5266651502754,67.5266651502754,11.3268974034091,1,1,-0,-0,-17.4259960052447
02-Nov-2023 02:15:00,0,2.5596933,2.6,2,7.45761985262236,7.45761985262237,0,0,0,68.9436129222737,68.9436129222737,11.3587064534091,1,1,-0,-0,-17.4749330052447
02-Nov-2023 02:30:00,0.02418646344468,2.5545866,2.6,2,7.45761985262236,7.45761985262237,0,0,0,70.3605606942719,70.3605606942719,11.33966589717,1,1,-0,0,-17.4456398418001
02-Nov-2023 02:45:00,0,2.6211624,2.6,2,7.45761985262236,7.45761985262237,0,0,0,71.7775084662702,71.7775084662702,11.3986613684091,1,1,-0,-0,-17.5364021052447
02-Nov-2023 03:00:00,0,2.4446619,2.6,2,7.45761985262236,7.45761985262237,0,0,0,73.1944562382684,73.1944562382684,11.2839360434091,1,1,-0,-0,-17.3599016052447
02-Nov-2023 03:15:00,0,2.3317432,2.6,2,7.45761985262236,7.45761985262237,0,0,0,74.6114040102667,74.6114040102667,11.2105388884091,1,1,-0,-0,-17.2469829052447
02-Nov-2023 03:30:00,0,2.0374198,2.6,2,0.0116715835628505,0.0116715835628518,0,0,0,76.0283517822649,76.0283517822649,1.33949592863171,1,1,-0,-0,-2.0607629671257
02-Nov-2023 03:45:00,0,1.9253464,2.6,2,0.0116715835628505,0.0116715835628518,0,0,0,76.0305693831419,76.0305693831419,1.26664821863171,1,1,-0,-0,-1.9486895671257
02-Nov-2023 04:00:00,0,1.6629672,2.6,2,0.0116715835628505,0.0116715835628518,0,0,0,76.0327869840188,76.0327869840188,1.09610173863171,1,1,-0,-0,-1.6863103671257
02-Nov-2023 04:15:00,0,1.4185109,2.6,2,0.0116715835628505,0.0116715835628518,0,0,0,76.0350045848957,76.0350045848958,0.937205143631706,1,1,-0,-0,-1.4418540671257
02-Nov-2023 04:30:00,0,1.3297763,2.6,2,0.0116715835628505,0.0116715835628518,0,0,0,76.0372221857727,76.0372221857727,0.879527653631706,1,1,-0,-0,-1.3531194671257
02-Nov-2023 04:45:00,0.0873272461205721,1.3463522,2.6,2,0.0116715835628505,0.0116715835628518,0,0,0,76.0394397866496,76.0394397866497,0.833539278653335,1,1,-0,-0,-1.28236812100513
02-Nov-2023 05:00:00,0,1.3095579,2.6,2,0.0116715835628505,0.0116715835628518,0,0,0,76.0416573875266,76.0416573875266,0.866385693631706,1,1,-0,-0,-1.3329010671257
02-Nov-2023 05:15:00,0,1.4458914,2.6,2,0.0116715835628505,0.0116715835628518,0,0,0,76.0438749884035,76.0438749884035,0.955002468631707,1,1,-0,-0,-1.4692345671257
02-Nov-2023 05:30:00,0,1.486275,2.6,2,0.0116715835628505,0.0116715835628518,0,0,0,76.0460925892805,76.0460925892805,0.981251808631706,1,1,-0,-0,-1.5096181671257
02-Nov-2023 05:45:00,0,1.6192343,2.6,2,0.0116715835628505,0.0116715835628518,0,0,0,76.0483101901574,76.0483101901574,1.06767535363171,1,1,-0,-0,-1.6425774671257
02-Nov-2023 06:00:00,0,1.6383741,2.6,2,0.0116715835628505,0.0116715835628518,0,0,0,76.0505277910344,76.0505277910344,1.08011622363171,1,1,-0,-0,-1.6617172671257
02-Nov-2023 06:15:00,0.154189941930771,1.7030463,2.6,2,0.0116715835628505,0.0116715835628518,0,0,0,76.0527453919113,76.0527453919113,1.02192969137671,1,1,-0,-0,-1.57219952519493
02-Nov-2023 06:30:00,0.640827180790901,2.0062895,2.6,2,0.0116715835628505,0.0116715835628518,0,0,0,76.0549629927883,76.0549629927883,0.902723566117621,1,1,-0,-0,-1.3888054863348
02-Nov-2023 06:45:00,1.04931501374245,2.0155978,2.6,2,0.0116715835628505,0.0116715835628518,0,0,0,76.0571805936652,76.0571805936652,0.643256869699116,1,1,-0,-0,-0.989625953383255
02-Nov-2023 07:00:00,1.65688245635033,2.5484319,2.6,2,0.0116715835628505,0.0116715835628518,0,0,0,76.0593981945422,76.0593981945422,0.594680197003994,1,1,-0,-0,-0.914892610775376
02-Nov-2023 07:15:00,2.23705811433792,2.823119,2.6,2,0.0116715835628505,0.0116715835628518,0,0,0,76.0616157954191,76.0616157954191,0.396112634312058,1,1,-0,-0,-0.609404052787781
02-Nov-2023 07:30:00,2.79863032579422,3.2938333,2.6,2,0.0116715835628505,0.0116715835628518,0,0,0,76.063833396296,76.0638333962961,0.337054991865463,1,1,-0,-0,-0.518546141331482
02-Nov-2023 07:45:00,3.8888561671257,3.865513,2.6,2,0.0116715835628505,0.0116715835628518,0,0,0,76.066050997173,76.066050997173,0,1,1,-0,-0,0
02-Nov-2023 08:00:00,4.29062546539307,4.394658,2.6,2,0.0116715835628505,0.0116715835628518,0,0,0,76.0682685980499,76.0682685980499,0.082794206126213,1,1,-0,-0,-0.127375701732635
02-Nov-2023 08:15:00,4.57660075206757,4.983147,2.6,2,0.0116715835628505,0.0116715835628518,0,0,0,76.0704861989268,76.0704861989268,0.279428119787789,1,1,-0,-0,-0.429889415058136
02-Nov-2023 08:30:00,5.37171491088867,5.250503,2.6,2,0.0606059554441847,0.060605955444488,0,0,0,76.0727037998038,76.0727037998038,0,1,1,-0,-0,0
02-Nov-2023 08:45:00,6.35454309368134,5.323201,2.6,2,0.51567104684065,0.515671046840686,0,0,0,76.0842189313382,76.0842189313382,0,1,1,-0,-0,0
02-Nov-2023 09:00:00,7.29726734275818,5.576591,5.8,2,0.860338171379115,0.860338171379064,0,0,0,76.1821964302379,76.1821964302379,0,1,1,-0,-0,0
02-Nov-2023 09:15:00,7.97722767620087,5.5883975,5.8,2,1.1944150881004,1.19441508810047,0,0,0,76.3456606827999,76.3456606827999,0,1,1,-0,-0,0
02-Nov-2023 09:30:00,8.71512498207092,5.8417377,5.8,2,1.43669364103545,1.43669364103548,0,0,0,76.572599549539,76.572599549539,0,1,1,-0,-0,0
02-Nov-2023 09:45:00,9.23257211265564,5.7503076,5.8,2,1.74113225632781,1.74113225632783,0,0,0,76.8455713413357,76.8455713413357,0,1,1,-0,-0,0
02-Nov-2023 10:00:00,9.73214491767883,6.2494807,5.8,2,1.74113225632781,1.74113225632783,0,0,0,77.176386470038,77.176386470038,0,1,1,-0,-0,0.00039970502319342
02-Nov-2023 10:15:00,9.92010186195374,6.616267,5.8,2,1.65191743097689,1.65191743097684,0,0,0,77.5072015987403,77.5072015987403,0,1,1,-0,-0,0
02-Nov-2023 10:30:00,10.7377591209412,6.98474,5.8,2,1.78283522211305,1.78283522211303,0,0,0,77.8210659106259,77.8210659106259,0,1,1,-0,-0,0.187348676715086
02-Nov-2023 10:45:00,10.8104681442261,7.2447977,5.8,2,1.78283522211305,1.78283522211303,0,0,0,78.1598046028274,78.1598046028274,0,1,1,-0,-0,-4.44089209850063e-16
02-Nov-2023 11:00:00,11.1339006855011,7.535084,5.8,2,1.78283522211305,1.78283522211303,0,0,0,78.4985432950288,78.4985432950288,0,1,1,-0,-0,0.0331462412750247
02-Nov-2023 11:15:00,10.8525173606873,7.6537046,5.8,2,1.59940638034366,1.5994063803436,0,0,0,78.8372819872303,78.8372819872303,0,1,1,-0,-0,0
02-Nov-2023 11:30:00,10.0400641651154,8.1581135,5.8,2,0.940975332557695,0.940975332557661,0,0,0,79.1411691994956,79.1411691994956,0,1,1,-0,-0,0
02-Nov-2023 11:45:00,10.5557474830627,8.40158,5.8,2,0.940975332557695,0.940975332557661,0,0,0,79.3199545126816,79.3199545126816,0,1,1,-0,-0,0.27221681794739
02-Nov-2023 12:00:00,10.2425992080688,8.3798275,5.8,2,0.931385854034444,0.931385854034404,0,0,0,79.4987398258675,79.4987398258675,0,1,1,-0,-0,0
02-Nov-2023 12:15:00,10.6215251163483,8.798962,5.8,2,0.911281558174138,0.911281558174129,0,0,0,79.6757031381341,79.6757031381341,0,1,1,-0,-0,0
02-Nov-2023 12:30:00,10.3054685188293,8.793175,5.8,2,0.756146759414677,0.756146759414668,0,0,0,79.8488466341872,79.8488466341872,0,1,1,-0,-0,2.22044604925031e-16
02-Nov-2023 12:45:00,9.4933715423584,9.414577,5.8,2,0.0393972711791728,0.0393972711792275,0,0,0,79.992514518476,79.992514518476,0,1,1,-0,0,0
02-Nov-2023 13:00:00,8.94106294784546,9.956752,5.8,2,0,0,0.507844526077233,0.507844526077233,0,80,80,0,-0,-0,1,1,-7.48290318597356e-14
02-Nov-2023 13:15:00,8.38115757293701,10.594054,5.8,2,0,0,1.10644821353147,1.10644821353152,0,79.8850380246571,79.8850380246571,0,-0,-0,1,1,0
02-Nov-2023 13:30:00,8.61556702423096,11.054872,5.8,2,0,0,1.21965248788467,1.21965248788438,0,79.6345687063704,79.6345687063704,0,-0,-0,1,1,0
02-Nov-2023 13:45:00,8.01192207241058,11.389616,5.8,2,0,0,1.68884696379455,1.68884696379486,0,79.3584730667814,79.3584730667814,0,-0,-0,1,1,0
02-Nov-2023 14:00:00,7.54735235481262,11.606024,5.8,2,0,0,2.0293358225937,2.02933582259368,0,78.9761647557922,78.9761647557922,0,-0,-0,1,1,0
02-Nov-2023 14:15:00,7.25334005470276,11.45595,5.8,2,0,0,2.10130497264874,2.1013049726485,0,78.5167791705984,78.5167791705983,0,-0,-0,1,1,0
02-Nov-2023 14:30:00,6.56679686908722,11.406244,5.8,2,0,0,2.41972356545624,2.41972356545654,0,78.0411017574351,78.0411017574351,0,-0,-0,1,1,0
02-Nov-2023 14:45:00,6.05525663852692,11.690719,5.8,2,0,0,2.81773118073657,2.81773118073651,0,77.4933431687636,77.4933431687636,0,-0,-0,1,1,0
02-Nov-2023 15:00:00,5.32618079624176,11.64451,5.8,2,0,0,3.15916460187928,3.15916460187896,0,76.8554866479404,76.8554866479404,0,-0,0,1,1,0
02-Nov-2023 15:15:00,4.91911789970398,11.38243,5.8,2,0,0,3.23165605014787,3.23165605014815,0,76.1403390300843,76.1403390300843,0,-0,-0,1,1,-8.88178419700125e-16
02-Nov-2023 15:30:00,4.33460412197113,11.315078,5.8,2,0,0,3.49023693901444,3.49023693901443,0,75.4087813503677,75.4087813503677,0,-0,-0,1,1,-8.88178419700125e-16
02-Nov-2023 15:45:00,3.39887439336777,10.9432,5.8,2,0,0,3.77216280331624,3.77216280331599,0,74.6186880987515,74.6186880987515,0,-0,-0,1,1,0
02-Nov-2023 16:00:00,2.82283930234909,10.734689,5.8,2,0,0,3.95592484882533,3.95592484882558,0,73.7647746175254,73.7647746175254,0,-0,0,1,1,8.88178419700125e-16
02-Nov-2023 16:15:00,1.85094445352554,10.598842,5.8,2,0,0,4.37394877323735,4.37394877323711,0,72.8692624842316,72.8692624842316,0,-0,0,1,1,0
02-Nov-2023 16:30:00,1.32717143340111,9.952681,5.8,2,0,0,4.31275478329933,4.31275478329956,0,71.8791212791977,71.8791212791977,0,-0,0,1,1,0
02-Nov-2023 16:45:00,0.89330070912838,9.580698,5.8,2,0,0,4.34369864543591,4.34369864543572,0,70.9028327034649,70.9028327034649,0,-0,-0,1,1,0
02-Nov-2023 17:00:00,0.398786053311825,8.888581,5.8,2,0,0,4.2448974733441,4.24489747334407,0,69.9195392919345,69.9195392919345,0,-0,-0,1,1,0
02-Nov-2023 17:15:00,0.2292098136127,8.320222,5.8,2,0,0,4.04550609319355,4.04550609319375,0,68.958611737131,68.9586117371311,0,-0,-0,1,1,0
02-Nov-2023 17:30:00,0.0227419525332749,8.06859,5.8,2,0,0,4.02292402373347,4.02292402373325,0,68.0428208841161,68.0428208841161,0,-0,-0,1,1,0
02-Nov-2023 17:45:00,0,7.7823772,5.8,2,0,0,3.89118859999989,3.89118860000011,0,67.1321419879681,67.1321419879682,0,-0,-0,1,1,8.88178419700125e-16
02-Nov-2023 18:00:00,0,7.457213,5.8,2,0,0,3.72860650000012,3.72860649999988,0,66.2512843535595,66.2512843535595,0,-0,-0,1,1,-8.88178419700125e-16
02-Nov-2023 18:15:00,0,7.3311014,5.8,2,0,0,3.6655506999999,3.6655507000001,0,65.407230816491,65.4072308164911,0,-0,-0,1,1,8.88178419700125e-16
02-Nov-2023 18:30:00,0,7.258394,5.8,2,0,0,3.62919700000011,3.62919699999989,0,64.5774513711034,64.5774513711034,0,-0,0,1,1,0
02-Nov-2023 18:45:00,0.0119555454410613,7.0945654,5.8,2,0,0,3.54130492727946,3.54130492727948,0,63.7559013993999,63.7559013993999,0,-0,0,1,1,-8.88178419700125e-16
02-Nov-2023 19:00:00,0.219686023503542,6.771197,5.8,2,0,0,3.27575548824824,3.27575548824822,0,62.9542477656072,62.9542477656072,0,-0,-0,1,1,-8.88178419700125e-16
02-Nov-2023 19:15:00,0.168212393420935,6.6235332,5.8,2,0,0,3.22766040328946,3.22766040328961,0,62.2127071910179,62.2127071910179,0,-0,-0,1,1,0
02-Nov-2023 19:30:00,0.162087057155371,6.475012,5.8,2,0,0,3.15646247142232,3.15646247142231,0,61.4820540154005,61.4820540154005,0,-0,-0,1,1,0
02-Nov-2023 19:45:00,0.0875476476877928,6.358737,5.8,2,0,0,3.13559467615617,3.13559467615603,0,60.767518085254,60.767518085254,0,-0,-0,1,1,-8.88178419700125e-16
02-Nov-2023 20:00:00,0.155711494374275,6.448021,5.8,2,0,0,3.14615475281286,3.14615475281286,0,60.0577060476408,60.0577060476408,0,-0,-0,1,1,8.88178419700125e-16
02-Nov-2023 20:15:00,0.125874604082108,6.311143,5.8,2,0,0,3.09263419795894,3.09263419795895,0,59.3455035003148,59.3455035003148,0,-0,-0,1,1,0
02-Nov-2023 20:30:00,0,6.228363,5.8,2,0,0,3.11418149999992,3.11418150000008,0,58.6454165285074,58.6454165285074,0,-0,-0,1,1,0
02-Nov-2023 20:45:00,0,5.7879915,5.8,2,0,0,2.89399575000001,2.89399574999999,0,57.9404518425991,57.9404518425991,0,-0,-0,1,1,0
02-Nov-2023 21:00:00,0,5.624954,5.8,2,0,0,2.81247700000008,2.81247699999992,0,57.2853311295261,57.2853311295261,0,-0,-0,1,1,-8.88178419700125e-16
02-Nov-2023 21:15:00,0,5.1547937,5.8,2,0,0,2.57739685000001,2.57739684999999,0,56.6486640101146,56.6486640101146,0,-0,-0,1,1,0
02-Nov-2023 21:30:00,0.0814086141496897,4.9013605,5.8,2,0,0,2.40997594292515,2.40997594292516,0,56.0652125443534,56.0652125443534,0,-0,-0,1,1,0
02-Nov-2023 21:45:00,0.0339476773202419,4.400078,5.8,2,0,0,2.18306516133982,2.18306516133994,0,55.5196605482187,55.5196605482187,0,-0,-0,1,1,8.88178419700125e-16
02-Nov-2023 22:00:00,0.103571116170287,4.2922754,5.8,2,0,0,2.09435214191491,2.0943521419148,0,55.0254748863421,55.0254748863421,0,-0,-0,1,1,0
02-Nov-2023 22:15:00,0.0575646031469107,4.260218,5.8,2,0,0,2.10132669842649,2.1013266984266,0,54.5513714020377,54.5513714020377,0,-0,-0,1,1,8.88178419700125e-16
02-Nov-2023 22:30:00,0,3.8920395,5.8,2,0,0,1.94601975000007,1.94601974999993,0,54.0756890707583,54.0756890707583,0,-0,-0,1,1,4.44089209850063e-16
02-Nov-2023 22:45:00,0,3.7081625,5.8,2,0,0,1.85408125000001,1.85408124999999,0,53.6351639434238,53.6351639434238,0,-0,-0,1,1,-4.44089209850063e-16
02-Nov-2023 23:00:00,0.0174909088231623,3.4947739,5.8,2,0,0,1.73864149558842,1.73864149558842,0,53.2154511533842,53.2154511533842,0,-0,-0,1,1,-4.44089209850063e-16
02-Nov-2023 23:15:00,0,3.3140593,5.8,2,0,0,1.65702964999993,1.65702965000007,0,52.8218707355939,52.8218707355939,0,-0,-0,1,1,4.44089209850063e-16
02-Nov-2023 23:30:00,0.24657066398263,3.2177093,5.8,2,0,0,1.48556931800868,1.48556931800869,0,52.4467649857354,52.4467649857354,0,-0,-0,1,1,0
02-Nov-2023 23:45:00,0,3.117235,5.8,2,0,0,1.55861750000005,1.55861749999995,0,52.1104731197459,52.1104731197459,0,-0,-0,1,1,0
03-Nov-2023 00:00:00,0.0986145263135433,3.825438,2.6,2,7.81876847008032,7.81876847008032,0,0,0,51.7576451627566,51.7576451627566,12.5868342690006,1,1,-0,-0,-19.3643604138471
03-Nov-2023 00:15:00,0.12580424990952,3.5371833,2.6,2,7.81876847008032,7.81876847008032,0,0,0,53.2432111720719,53.2432111720719,12.3817953936632,1,1,-0,-0,-19.0489159902511
03-Nov-2023 00:30:00,0.0518493111625314,3.346939,2.6,2,7.81876847008032,7.81876847008032,0,0,0,54.7287771813872,54.7287771813872,12.3062073088488,1,1,-0,-0,-18.9326266289981
03-Nov-2023 00:45:00,0,3.19881,2.6,2,7.81876847008032,7.81876847008032,0,0,0,56.2143431907024,56.2143431907024,12.2436255111044,1,1,-0,-0,-18.8363469401606
03-Nov-2023 01:00:00,0,3.115748,2.6,2,7.81876847008032,7.81876847008032,0,0,0,57.6999092000177,57.6999092000177,12.1896352111044,1,1,-0,-0,-18.7532849401606
03-Nov-2023 01:15:00,0,2.998576,2.6,2,7.81876847008032,7.81876847008032,0,0,0,59.1854752093329,59.1854752093329,12.1134734111044,1,1,-0,-0,-18.6361129401606
03-Nov-2023 01:30:00,0,2.7494667,2.6,2,7.81876847008032,7.81876847008032,0,0,0,60.6710412186482,60.6710412186482,11.9515523661044,1,1,-0,-0,-18.3870036401606
03-Nov-2023 01:45:00,0,2.7734714,2.6,2,7.81876847008032,7.81876847008032,0,0,0,62.1566072279635,62.1566072279635,11.9671554211044,1,1,-0,-0,-18.4110083401606
03-Nov-2023 02:00:00,0,2.5613234,2.6,2,7.81876847008032,7.81876847008032,0,0,0,63.6421732372787,63.6421732372787,11.8292592211044,1,1,-0,-0,-18.1988603401606
03-Nov-2023 02:15:00,0,2.559043,2.6,2,7.81876847008032,7.81876847008032,0,0,0,65.127739246594,65.127739246594,11.8277769611044,1,1,-0,-0,-18.1965799401606
03-Nov-2023 02:30:00,0,2.5735793,2.6,2,7.81876847008032,7.81876847008032,0,0,0,66.6133052559093,66.6133052559093,11.8372255561044,1,1,-0,-0,-18.2111162401606
03-Nov-2023 02:45:00,0,2.4456751,2.6,2,7.81876847008032,7.81876847008032,0,0,0,68.0988712652245,68.0988712652245,11.7540878261044,1,1,-0,-0,-18.0832120401606
03-Nov-2023 03:00:00,0,2.338958,2.6,2,7.81876847008032,7.81876847008032,0,0,0,69.5844372745398,69.5844372745398,11.6847217111044,1,1,-0,-0,-17.9764949401606
03-Nov-2023 03:15:00,0,2.2441225,2.6,2,7.81876847008032,7.81876847008032,0,0,0,71.070003283855,71.070003283855,11.6230786361044,1,1,-0,-0,-17.8816594401606
03-Nov-2023 03:30:00,0,2.1778865,2.6,2,0.823451305666356,0.823451305666348,0,0,0,72.5555692931703,72.5555692931703,2.48611292236626,1,1,-0,-0,-3.8247891113327
03-Nov-2023 03:45:00,0.0914358277827501,1.8197801,2.6,2,0.823451305666356,0.823451305666348,0,0,0,72.7120250412469,72.7120250412469,2.19391047430747,1,1,-0,-0,-3.37524688354995
03-Nov-2023 04:00:00,0.041901021873951,1.6814876,2.6,2,0.823451305666356,0.823451305666348,0,0,0,72.8684807893235,72.8684807893235,2.13621797314819,1,1,-0,-0,-3.28648918945875
03-Nov-2023 04:15:00,0.116178105318546,1.6032867,2.6,2,0.823451305666356,0.823451305666348,0,0,0,73.0249365374001,73.0249365374001,2.0371072839092,1,1,-0,-0,-3.13401120601416
03-Nov-2023 04:30:00,0.143931149876118,1.4774432,2.6,2,0.823451305666356,0.823451305666348,0,0,0,73.1813922854767,73.1813922854767,1.93726952994678,1,1,-0,-0,-2.98041466145659
03-Nov-2023 04:45:00,0.112233478358388,1.2565182,2.6,2,0.823451305666356,0.823451305666348,0,0,0,73.3378480335534,73.3378480335534,1.81427176643331,1,1,-0,-0,-2.79118733297432
03-Nov-2023 05:00:00,0.131666044950485,1.2093484,2.6,2,0.823451305666356,0.823451305666348,0,0,0,73.49430378163,73.49430378163,1.77098022814844,1,1,-0,-0,-2.72458496638222
03-Nov-2023 05:15:00,0.0185056284271181,1.3538306,2.6,2,0.823451305666356,0.823451305666348,0,0,0,73.6507595297065,73.6507595297065,1.93844792888863,1,1,-0,-0,-2.98222758290559
03-Nov-2023 05:30:00,0.00460316918883473,1.335304,2.6,2,0.823451305666356,0.823451305666348,0,0,0,73.8072152777831,73.8072152777831,1.93544223739351,1,1,-0,-0,-2.97760344214387
03-Nov-2023 05:45:00,0.19810158239007,1.337615,2.6,2,0.823451305666356,0.823451305666348,0,0,0,73.9636710258598,73.9636710258598,1.81117041881271,1,1,-0,-0,-2.78641602894263
03-Nov-2023 06:00:00,0.0724228733092546,1.2936814,2.6,2,0.823451305666356,0.823451305666348,0,0,0,74.1201267739364,74.1201267739364,1.86430473971524,1,1,-0,-0,-2.86816113802345
03-Nov-2023 06:15:00,0.0938754650473595,1.2466476,2.6,2,0.823451305666356,0.823451305666348,0,0,0,74.276582522013,74.276582522013,1.81978858508547,1,1,-0,-0,-2.79967474628534
03-Nov-2023 06:30:00,0.585107996320725,1.5036159,2.6,2,0.823451305666356,0.823451305666348,0,0,0,74.4330382700896,74.4330382700896,1.66751683475779,1,1,-0,-0,-2.56541051501198
03-Nov-2023 06:45:00,0.808518282723427,1.7075315,2.6,2,0.823451305666356,0.823451305666348,0,0,0,74.5894940181662,74.5894940181662,1.65484528859603,1,1,-0,-0,-2.54591582860928
03-Nov-2023 07:00:00,1.22998134841919,1.7919796,2.6,2,0.823451305666356,0.823451305666348,0,0,0,74.7459497662428,74.7459497662428,1.43578556089378,1,1,-0,-0,-2.20890086291351
03-Nov-2023 07:15:00,1.7292571041584,2.0988598,2.6,2,0.823451305666356,0.823451305666348,0,0,0,74.9024055143194,74.9024055143194,1.3107284496633,1,1,-0,-0,-2.0165053071743
03-Nov-2023 07:30:00,2.21887917823791,2.3748791,2.6,2,0.823451305666356,0.823451305666348,0,0,0,75.058861262396,75.058861262396,1.17188664651161,1,1,-0,-0,-1.80290253309479
03-Nov-2023 07:45:00,3.15826039266586,2.450039,2.6,2,0.823451305666356,0.823451305666348,0,0,0,75.2153170104726,75.2153170104726,0.610142792133446,1,1,-0,-0,-0.93868121866684
03-Nov-2023 08:00:00,3.88174570741653,2.757102,2.6,2,0.823451305666356,0.823451305666348,0,0,0,75.3717727585492,75.3717727585492,0.33946828754551,1,1,-0,-0,-0.522258903916169
03-Nov-2023 08:15:00,4.7417443113327,3.0948417,2.6,2,0.823451305666356,0.823451305666348,0,0,0,75.5282285066259,75.5282285066259,0,1,1,-0,-0,0
03-Nov-2023 08:30:00,5.2439705165863,3.2547648,2.6,2,0.99460285829313,0.994602858293175,0,0,0,75.6846842547024,75.6846842547024,0,1,1,-0,-0,0
03-Nov-2023 08:45:00,5.75002823753357,3.844612,2.6,2,0.99460285829313,0.994602858293175,0,0,0,75.8736587977781,75.8736587977781,0.0544631613842774,1,1,-0,-0,-0.0837894790527347
03-Nov-2023 09:00:00,6.45326907348633,4.1252923,5.8,2,1.16398838674319,1.16398838674314,0,0,0,76.0626333408538,76.0626333408538,0,1,1,-0,-0,0
03-Nov-2023 09:15:00,7.09349609470367,4.704846,5.8,2,1.19432504735185,1.19432504735182,0,0,0,76.283791134335,76.283791134335,0,1,1,-0,-0,0
03-Nov-2023 09:30:00,7.75337517642975,4.787004,5.8,2,1.48318558821489,1.48318558821486,0,0,0,76.5107128933319,76.5107128933319,0,1,1,-0,-0,0
03-Nov-2023 09:45:00,8.22636453094482,5.2051344,5.8,2,1.5106150654724,1.51061506547242,0,0,0,76.7925181550927,76.7925181550927,0,1,1,-0,-0,0
03-Nov-2023 10:00:00,8.93857613525391,5.521691,5.8,2,1.58208101936643,1.58208101936648,0,0,0,77.0795350175324,77.0795350175324,0,1,1,-0,-0,0.252723096520996
03-Nov-2023 10:15:00,9.04094063873291,5.8767786,5.8,2,1.58208101936643,1.58208101936648,0,0,0,77.3801304112121,77.3801304112121,0,1,1,-0,-0,0
03-Nov-2023 10:30:00,9.44282971687317,6.513759,5.8,2,1.4645353584366,1.46453535843657,0,0,0,77.6807258048917,77.6807258048917,0,1,1,-0,-0,0
03-Nov-2023 10:45:00,9.59689399795532,6.9064274,5.8,2,1.3452332989777,1.34523329897762,0,0,0,77.9589875229946,77.9589875229946,0,1,1,-0,-0,0
03-Nov-2023 11:00:00,9.89576470413208,7.118735,5.8,2,1.38851485206602,1.38851485206606,0,0,0,78.2145818498004,78.2145818498004,0,1,1,-0,-0,0
03-Nov-2023 11:15:00,10.7916029342651,7.4053755,5.8,2,1.42512937659454,1.42512937659454,0,0,0,78.478399671693,78.478399671693,0,1,1,-0,-0,0.53596868107605
03-Nov-2023 11:30:00,10.5052997531891,7.655041,5.8,2,1.42512937659454,1.42512937659454,0,0,0,78.7491742532459,78.7491742532459,0,1,1,-0,-0,0
03-Nov-2023 11:45:00,10.6089681529999,7.956671,5.8,2,1.32614857649994,1.32614857649994,0,0,0,79.0199488347989,79.0199488347989,0,1,1,-0,-0,0
03-Nov-2023 12:00:00,10.4117216674805,7.734029,5.8,2,1.32614857649994,1.32614857649994,0,0,0,79.2719170643339,79.2719170643339,0,1,1,-0,-0,0.0253955144805911
03-Nov-2023 12:15:00,9.88970321846008,7.8854566,5.8,2,1.00212330923002,1.00212330923006,0,0,0,79.5238852938689,79.5238852938689,0,1,1,-0,-0,0
03-Nov-2023 12:30:00,9.64678867607117,7.9865994,5.8,2,0.830094638035551,0.830094638035617,0,0,0,79.7142887226226,79.7142887226226,0,1,1,-0,-0,0
03-Nov-2023 12:45:00,9.61858111610413,8.595814,5.8,2,0.511383558052097,0.511383558052029,0,0,0,79.8720067038493,79.8720067038493,0,1,1,-0,-0,0
03-Nov-2023 13:00:00,9.0444327381134,8.719902,5.8,2,0.162265369056748,0.162265369056657,0,0,0,79.9691695798792,79.9691695798792,0,1,1,-0,-0,0
03-Nov-2023 13:15:00,8.86775574531555,9.122486,5.8,2,0,0,0.127365127342224,0.127365127342224,0,80,80,0,-0,0,1,1,5.55111512312578e-16
03-Nov-2023 13:30:00,8.67868981704712,9.416265,5.8,2,0,0,0.368787591476498,0.368787591476382,0,79.9711680526673,79.9711680526673,0,-0,-0,1,1,0
03-Nov-2023 13:45:00,7.46472584609985,10.111791,5.8,2,0,0,1.32353257695006,1.32353257695008,0,79.8876847269228,79.8876847269228,0,-0,-0,1,1,0
03-Nov-2023 14:00:00,7.64454592037201,10.391553,5.8,2,0,0,1.37350353981386,1.37350353981412,0,79.5880735040705,79.5880735040705,0,-0,-0,1,1,0
03-Nov-2023 14:15:00,6.88650831298828,10.476947,5.8,2,0,0,1.79521934350596,1.79521934350575,0,79.2771502352954,79.2771502352953,0,-0,-0,1,1,0
03-Nov-2023 14:30:00,6.44745674915314,10.538953,5.8,2,0,0,2.04574812542344,2.04574812542342,0,78.8707621552714,78.8707621552714,0,-0,-0,1,1,0
03-Nov-2023 14:45:00,5.90014242324829,10.763924,5.8,2,0,0,2.4318907883757,2.43189078837601,0,78.4076612779825,78.4076612779825,0,-0,-0,1,1,-8.88178419700125e-16
03-Nov-2023 15:00:00,5.37888105983734,10.8376465,5.8,2,0,0,2.72938272008146,2.7293827200812,0,77.8571483660695,77.8571483660695,0,-0,-0,1,1,8.88178419700125e-16
03-Nov-2023 15:15:00,4.9063741853714,10.866218,5.8,2,0,0,2.97992190731429,2.97992190731432,0,77.2392914967811,77.2392914967811,0,-0,-0,1,1,0
03-Nov-2023 15:30:00,3.84329660825729,10.825698,5.8,2,0,0,3.49120069587125,3.49120069587145,0,76.5647194747518,76.5647194747518,0,-0,-0,1,1,0
03-Nov-2023 15:45:00,3.26764270048142,10.75962,5.8,2,0,0,3.74598864975932,3.74598864975926,0,75.7744080551997,75.7744080551997,0,-0,-0,1,1,0
03-Nov-2023 16:00:00,2.57264315185547,10.266946,5.8,2,0,0,3.84715142407239,3.84715142407214,0,74.9264196794761,74.9264196794761,0,-0,-0,1,1,0
03-Nov-2023 16:15:00,2.06183792324066,10.21921,5.8,2,0,0,4.07868603837954,4.0786860383798,0,74.0555308455038,74.0555308455039,0,-0,-0,1,1,0
03-Nov-2023 16:30:00,1.38251453547478,9.992871,5.8,2,0,0,4.30517823226272,4.3051782322625,0,73.1322289692436,73.1322289692436,0,-0,0,1,1,0
03-Nov-2023 16:45:00,0.993447484660149,9.553864,5.8,2,0,0,4.28020825766979,4.28020825767007,0,72.1576555154207,72.1576555154207,0,-0,0,1,1,0
03-Nov-2023 17:00:00,0.648859153389931,8.849026,5.8,2,0,0,4.10008342330513,4.10008342330494,0,71.188734574239,71.188734574239,0,-0,0,1,1,0
03-Nov-2023 17:15:00,0.178735124266148,8.470904,5.8,2,0,0,4.14608443786679,4.14608443786706,0,70.2605889209724,70.2605889209725,0,-0,0,1,1,0
03-Nov-2023 17:30:00,0,8.243878,5.8,2,0,0,4.12193899999999,4.12193900000001,0,69.3220299084389,69.3220299084389,0,-0,0,1,1,0
03-Nov-2023 17:45:00,0,7.7541537,5.8,2,0,0,3.87707685000003,3.87707684999997,0,68.3889367562035,68.3889367562034,0,-0,0,1,1,0
03-Nov-2023 18:00:00,0,7.4260716,5.8,2,0,0,3.71303579999999,3.71303580000001,0,67.5112736322646,67.5112736322646,0,-0,-0,1,1,-8.88178419700125e-16
03-Nov-2023 18:15:00,0.0324409698396921,7.085078,5.8,2,0,0,3.52631851508018,3.52631851508013,0,66.6707448716534,66.6707448716534,0,-0,-0,1,1,0
03-Nov-2023 18:30:00,0.0247351157225668,7.0952826,5.8,2,0,0,3.53527374213887,3.53527374213856,0,65.8724837476964,65.8724837476964,0,-0,-0,1,1,-8.88178419700125e-16
03-Nov-2023 18:45:00,0.0482831557452679,6.7735057,5.8,2,0,0,3.36261127212734,3.36261127212739,0,65.0721954076536,65.0721954076536,0,-0,-0,1,1,0
03-Nov-2023 19:00:00,0.245369639718533,6.3579493,5.8,2,0,0,3.05628983014069,3.05628983014078,0,64.3109930823277,64.3109930823277,0,-0,0,1,1,0
03-Nov-2023 19:15:00,0.141740936493874,6.1807766,5.8,2,0,0,3.019517831753,3.01951783175312,0,63.6191334716563,63.6191334716563,0,0,0,1,1,-8.88178419700125e-16
03-Nov-2023 19:30:00,0.279501172542572,5.825507,5.8,2,0,0,2.77300291372877,2.77300291372866,0,62.9355980258718,62.9355980258718,0,0,0,1,1,0
03-Nov-2023 19:45:00,0.204294759911299,5.3472447,5.8,2,0,0,2.57147497004428,2.57147497004442,0,62.3078667494193,62.3078667494193,0,0,0,1,1,0
03-Nov-2023 20:00:00,0.119527305990458,4.8160567,5.8,2,0,0,2.34826469700485,2.3482646970047,0,61.725755833733,61.725755833733,0,0,-0,1,1,0
03-Nov-2023 20:15:00,0.201333028525114,4.492522,5.8,2,0,0,2.14559448573744,2.14559448573744,0,61.1941735593686,61.1941735593686,0,-0,-0,1,1,0
03-Nov-2023 20:30:00,0,4.227614,5.8,2,0,0,2.11380699999994,2.11380700000006,0,60.7084702236046,60.7084702236046,0,-0,-0,1,1,8.88178419700125e-16
03-Nov-2023 20:45:00,0,3.9197862,5.8,2,0,0,1.95989309999999,1.95989310000001,0,60.2299626967228,60.2299626967228,0,-0,-0,1,1,0
03-Nov-2023 21:00:00,0.00546487184297293,4.03597,5.8,2,0,0,2.01525256407857,2.01525256407845,0,59.7862970260947,59.7862970260947,0,-0,-0,1,1,0
03-Nov-2023 21:15:00,0.0159462431699038,3.7947116,5.8,2,0,0,1.88938267841505,1.88938267841505,0,59.3300995016852,59.3300995016852,0,0,-0,1,1,0
03-Nov-2023 21:30:00,0.0975635944515467,3.6164606,5.8,2,0,0,1.75944850277417,1.75944850277428,0,58.9023954431872,58.9023954431872,0,0,0,1,1,0
03-Nov-2023 21:45:00,0,3.464455,5.8,2,0,0,1.73222750000006,1.73222749999994,0,58.5041048936062,58.5041048936062,0,0,-0,1,1,0
03-Nov-2023 22:00:00,0.161037137961388,3.3372743,5.8,2,0,0,1.5881185810193,1.58811858101931,0,58.111976427279,58.111976427279,0,0,-0,1,1,0
03-Nov-2023 22:15:00,0,3.3654175,5.8,2,0,0,1.68270874999992,1.68270875000008,0,57.7524702402911,57.7524702402911,0,0,-0,1,1,4.44089209850063e-16
03-Nov-2023 22:30:00,0,2.6998048,5.8,2,0,0,1.34990240000007,1.34990239999993,0,57.3715514513833,57.3715514513833,0,0,-0,1,1,0
03-Nov-2023 22:45:00,0.00185414180369116,2.4277737,5.8,2,0,0,1.21295977909809,1.21295977909822,0,57.0659708288592,57.0659708288592,0,0,0,1,1,0
03-Nov-2023 23:00:00,0.0337589347556233,2.054716,5.8,2,0,0,1.01047853262217,1.0104785326222,0,56.791390233704,56.791390233704,0,-0,0,1,1,4.44089209850063e-16
03-Nov-2023 23:15:00,0,1.8229308,5.8,2,0,0,0.911465400000054,0.911465399999946,0,56.5626458007392,56.5626458007392,0,0,0,1,1,0
03-Nov-2023 23:30:00,0.141191005253792,1.5026629,5.8,2,0,0,0.680735947373045,0.680735947373163,0,56.3563152065117,56.3563152065117,0,0,0,1,1,0
03-Nov-2023 23:45:00,0,1.41712,5.8,2,0,0,0.708560000000009,0.708559999999991,0,56.2022153882042,56.2022153882042,0,0,0,1,1,2.22044604925031e-16
04-Nov-2023 00:00:00,0,0.4644758,2.6,2,1.32913072152159,1.32913072152159,0,0,0,56.0418169728109,56.0418169728109,2.02977920797807,1,1,-0,-0,-3.12273724304319
04-Nov-2023 00:15:00,0,0.4421319,2.6,2,1.32913072152159,1.32913072152159,0,0,0,56.2943518099,56.2943518099,2.01525567297807,1,1,-0,-0,-3.10039334304319
04-Nov-2023 00:30:00,0,0.36039266,2.6,2,1.32913072152159,1.32913072152159,0,0,0,56.5468866469891,56.5468866469891,1.96212516697807,1,1,-0,-0,-3.01865410304319
04-Nov-2023 00:45:00,0,0.329606,2.6,2,1.32913072152159,1.32913072152159,0,0,0,56.7994214840782,56.7994214840782,1.94211383797807,1,1,-0,-0,-2.98786744304319
04-Nov-2023 01:00:00,0,0.35529995,2.6,2,1.32913072152159,1.32913072152159,0,0,0,57.0519563211673,57.0519563211673,1.95881490547807,1,1,-0,-0,-3.01356139304319
04-Nov-2023 01:15:00,0.10753009301126,0.42231,2.6,2,1.32913072152159,1.32913072152159,0,0,0,57.3044911582564,57.3044911582564,1.93247687752075,1,1,-0,-0,-2.97304135003193
04-Nov-2023 01:30:00,0.0544038374885917,0.46560332,2.6,2,1.32913072152159,1.32913072152159,0,0,0,57.5570259953455,57.5570259953455,1.99514960161049,1,1,-0,-0,-3.0694609255546
04-Nov-2023 01:45:00,0.0421763288006187,0.37683675,2.6,2,1.32913072152157,1.32913072152159,0,0,0,57.8095608324346,57.8095608324346,1.94539921175766,1,1,-0,-0,-2.99292186424255
04-Nov-2023 02:00:00,0.0701286101639271,0.35239196,2.6,2,1.32913072152157,1.32913072152159,0,0,0,58.0620956695237,58.0620956695237,1.91134111537151,1,1,-0,-0,-2.94052479287924
04-Nov-2023 02:15:00,0,0.31877014,2.6,2,1.32913072152157,1.32913072152159,0,0,0,58.3146305066128,58.3146305066128,1.93507052897806,1,1,-0,-0,-2.97703158304317
04-Nov-2023 02:30:00,0,0.28519887,2.6,2,1.32913072152157,1.32913072152159,0,0,0,58.5671653437019,58.5671653437019,1.91324920347806,1,1,-0,-0,-2.94346031304317
04-Nov-2023 02:45:00,0,0.21982376,2.6,2,1.32913072152157,1.32913072152159,0,0,0,58.819700180791,58.819700180791,1.87075538197806,1,1,-0,-0,-2.87808520304317
04-Nov-2023 03:00:00,0,0.033709407,2.6,2,1.32913072152157,1.32913072152159,0,0,0,59.0722350178801,59.0722350178801,1.74978105252806,1,1,-0,-0,-2.69197085004317
04-Nov-2023 03:15:00,0,0,2.6,2,1.32913072152157,1.3291307215216,0,0,0,59.3247698549692,59.3247698549692,1.72786993797806,1,1,-0,-0,-2.65826144304317
04-Nov-2023 03:30:00,0,0,2.6,2,1.32913072152157,1.3291307215216,0,0,0,59.5773046920583,59.5773046920583,1.72786993797806,1,1,-0,-0,-2.65826144304317
04-Nov-2023 03:45:00,0,0,2.6,2,1.32913072152157,1.3291307215216,0,0,0,59.8298395291474,59.8298395291474,1.72786993797806,1,1,-0,-0,-2.65826144304317
04-Nov-2023 04:00:00,0,0,2.6,2,1.32913072152157,1.3291307215216,0,0,0,60.0823743662365,60.0823743662365,1.72786993797806,1,1,-0,-0,-2.65826144304317
04-Nov-2023 04:15:00,0,0,2.6,2,1.32913072152157,1.3291307215216,0,0,0,60.3349092033256,60.3349092033256,1.72786993797806,1,1,-0,-0,-2.65826144304317
04-Nov-2023 04:30:00,0,0,2.6,2,1.32913072152157,1.3291307215216,0,0,0,60.5874440404147,60.5874440404147,1.72786993797806,1,1,-0,-0,-2.65826144304317
04-Nov-2023 04:45:00,0,0,2.6,2,1.32913072152157,1.3291307215216,0,0,0,60.8399788775038,60.8399788775038,1.72786993797806,1,1,-0,-0,-2.65826144304317
04-Nov-2023 05:00:00,0.0363398129537702,0,2.6,2,1.32913072152157,1.3291307215216,0,0,0,61.0925137145929,61.0925137145929,1.70424905955811,1,1,-0,-0,-2.6219216300894
04-Nov-2023 05:15:00,0,0,2.6,2,1.32913072152157,1.3291307215216,0,0,0,61.345048551682,61.345048551682,1.72786993797806,1,1,-0,-0,-2.65826144304317
04-Nov-2023 05:30:00,0.0716910668939352,0,2.6,2,1.32913072152157,1.3291307215216,0,0,0,61.5975833887711,61.5975833887711,1.681270744497,1,1,-0,-0,-2.58657037614923
04-Nov-2023 05:45:00,0.211268021857738,0,2.6,2,1.32913072152157,1.3291307215216,0,0,0,61.8501182258602,61.8501182258602,1.59054572377053,1,1,-0,-0,-2.44699342118543
04-Nov-2023 06:00:00,0.293048960280418,0,2.6,2,1.32913072152157,1.3291307215216,0,0,0,62.1026530629493,62.1026530629493,1.53738811379579,1,1,-0,-0,-2.36521248276275
04-Nov-2023 06:15:00,0.461598114573956,0,2.6,2,1.32913072152157,1.3291307215216,0,0,0,62.3551879000384,62.3551879000384,1.42783116350499,1,1,-0,-0,-2.19666332846921
04-Nov-2023 06:30:00,0.623734484910965,0,2.6,2,1.32913072152157,1.3291307215216,0,0,0,62.6077227371275,62.6077227371275,1.32244252278593,1,1,-0,-0,-2.0345269581322
04-Nov-2023 06:45:00,1.09929946675301,0,2.6,2,1.32913072152157,1.3291307215216,0,0,0,62.8602575742166,62.8602575742166,1.01332528458861,1,1,-0,-0,-1.55896197629016
04-Nov-2023 07:00:00,1.69723243088722,0,2.6,2,1.32913072152157,1.3291307215216,0,0,0,63.1127924113057,63.1127924113057,0.624668857901365,1,1,-0,-0,-0.961029012155947
04-Nov-2023 07:15:00,2.16336852836609,0,2.6,2,1.32913072152157,1.3291307215216,0,0,0,63.3653272483948,63.3653272483948,0.321680394540102,1,1,-0,-0,-0.49489291467708
04-Nov-2023 07:30:00,2.77937409095764,0,2.6,2,1.38968704547893,1.38968704547871,0,0,0,63.6178620854839,63.6178620854839,0,1,1,-0,-0,0
04-Nov-2023 07:45:00,4.09277936038971,0.13516869,2.6,2,1.97880533519489,1.97880533519482,0,0,0,63.8819026241249,63.8819026241249,0,1,1,-0,-0,4.44089209850063e-16
04-Nov-2023 08:00:00,4.73150757293701,0.35328993,2.6,2,2.18910882146859,2.18910882146842,0,0,0,64.2578756378119,64.2578756378119,0,1,1,-0,-0,0
04-Nov-2023 08:15:00,5.2532514163971,0.68607605,2.6,2,2.28358768319847,2.28358768319862,0,0,0,64.6738063138909,64.6738063138909,0,1,1,-0,-0,0
04-Nov-2023 08:30:00,6.00726691646576,0.97576696,2.6,2,2.51574997823286,2.5157499782329,0,0,0,65.1076879736986,65.1076879736986,0,1,1,-0,-0,0
04-Nov-2023 08:45:00,6.5677704706192,1.1984485,2.6,2,2.68466098530958,2.68466098530962,0,0,0,65.5856804695628,65.5856804695628,0,1,1,-0,-0,0
04-Nov-2023 09:00:00,7.2669891992569,1.4026783,5.8,2,2.91103596663132,2.91103596663132,0,0,0,66.0957660567717,66.0957660567717,0,1,1,-0,-0,0.0422389659942626
04-Nov-2023 09:15:00,7.68006413326263,1.8579922,5.8,2,2.91103596663132,2.91103596663132,0,0,0,66.6488628904316,66.6488628904316,0,1,1,-0,-0,0
04-Nov-2023 09:30:00,8.10137771415711,2.0009081,5.8,2,3.05023480707857,3.05023480707854,0,0,0,67.2019597240916,67.2019597240916,0,1,1,-0,-0,0
04-Nov-2023 09:45:00,8.76279113044739,2.244688,5.8,2,3.25905156522369,3.2590515652237,0,0,0,67.7815043374365,67.7815043374365,0,1,1,-0,-0,0
04-Nov-2023 10:00:00,9.33738982315064,2.6346035,5.8,2,3.27733645681304,3.27733645681306,0,0,0,68.400724134829,68.400724134829,0,1,1,-0,-0,0.148113409524536
04-Nov-2023 10:15:00,9.5066995136261,2.9520266,5.8,2,3.27733645681304,3.27733645681306,0,0,0,69.0234180616235,69.0234180616235,0,1,1,-0,-0,0
04-Nov-2023 10:30:00,10.2430380008698,3.4302986,5.8,2,3.27733645681304,3.27733645681306,0,0,0,69.6461119884179,69.6461119884179,0,1,1,-0,-0,0.258066487243651
04-Nov-2023 10:45:00,10.1066416110992,3.7735171,5.8,2,3.16656225554959,3.16656225554965,0,0,0,70.2688059152124,70.2688059152124,0,1,1,0,-0,0
04-Nov-2023 11:00:00,10.2869278427124,4.271455,5.8,2,3.00773642135621,3.00773642135619,0,0,0,70.8704527437668,70.8704527437668,0,1,1,0,-0,0
04-Nov-2023 11:15:00,10.1962023902893,4.5671263,5.8,2,2.81453804514461,2.81453804514469,0,0,0,71.4419226638245,71.4419226638245,0,1,1,0,-0,0
04-Nov-2023 11:30:00,9.5922401058197,4.7593164,5.8,2,2.41646185290985,2.41646185290985,0,0,0,71.976684892402,71.976684892402,0,1,1,-0,-0,0
04-Nov-2023 11:45:00,9.97720061531067,4.8869834,5.8,2,2.41646185290985,2.41646185290985,0,0,0,72.4358126444549,72.4358126444549,0,1,1,-0,-0,0.257293509490968
04-Nov-2023 12:00:00,9.50291456565857,4.9942207,5.8,2,2.25434693282924,2.25434693282933,0,0,0,72.8949403965078,72.8949403965078,0,1,1,-0,-0,0
04-Nov-2023 12:15:00,9.24665956993103,5.111714,5.8,2,2.06747278496551,2.06747278496552,0,0,0,73.3232663137453,73.3232663137453,0,1,1,-0,-0,0
04-Nov-2023 12:30:00,8.81666470870972,5.4781575,5.8,2,1.66925360435484,1.66925360435488,0,0,0,73.7160861428888,73.7160861428888,0,1,1,-0,-0,0
04-Nov-2023 12:45:00,8.41660377388001,5.373058,5.8,2,1.52177288693997,1.52177288694003,0,0,0,74.0332443277162,74.0332443277162,0,1,1,-0,-0,0
04-Nov-2023 13:00:00,8.46194633674622,5.6693306,5.8,2,1.39630786837313,1.39630786837309,0,0,0,74.3223811762348,74.3223811762348,0,1,1,-0,-0,0
04-Nov-2023 13:15:00,8.54423102874756,5.806072,5.8,2,1.36907951437383,1.36907951437373,0,0,0,74.5876796712257,74.5876796712257,0,1,1,-0,-0,0
04-Nov-2023 13:30:00,8.0305813282013,5.861464,5.8,2,1.08455866410063,1.08455866410066,0,0,0,74.8478047789567,74.8478047789567,0,1,1,-0,-0,0
04-Nov-2023 13:45:00,7.97500346717834,6.051062,5.8,2,0.961970733589164,0.961970733589181,0,0,0,75.0538709251358,75.0538709251358,0,1,1,-0,-0,0
04-Nov-2023 14:00:00,8.03793038749695,6.3352976,5.8,2,0.851316393748488,0.85131639374846,0,0,0,75.2366453645178,75.2366453645178,0,1,1,-0,-0,0
04-Nov-2023 14:15:00,7.33517299175262,6.2705946,5.8,2,0.532289195876268,0.532289195876358,0,0,0,75.39839547933,75.39839547933,0,1,1,-0,0,0
04-Nov-2023 14:30:00,6.67759109115601,6.4497337,5.8,2,0.113928695577969,0.113928695578037,0,0,0,75.4995304265465,75.4995304265465,0,1,1,-0,0,0
04-Nov-2023 14:45:00,6.02487239742279,6.5221796,5.8,2,0,0,0.248653601288604,0.248653601288605,0,75.5211768787063,75.5211768787063,0,-0,-0,1,1,0
04-Nov-2023 15:00:00,5.33121395130158,6.398803,5.8,2,0,0,0.533794524349223,0.533794524349201,0,75.4648885705482,75.4648885705482,0,-0,-0,1,1,0
04-Nov-2023 15:15:00,5.05145761642456,6.292798,5.8,2,0,0,0.620670191787775,0.620670191787664,0,75.3440522322688,75.3440522322688,0,-0,-0,1,1,0
04-Nov-2023 15:30:00,3.98083078680038,6.1879354,5.8,2,0,0,1.10355230659976,1.10355230659985,0,75.203549642164,75.203549642164,0,-0,-0,1,1,0
04-Nov-2023 15:45:00,2.86627786931992,5.9493623,5.8,2,0,0,1.54154221534007,1.54154221534002,0,74.9537358772291,74.9537358772291,0,0,-0,1,1,0
04-Nov-2023 16:00:00,2.4157716050148,5.8805637,5.8,2,0,0,1.73239604749259,1.73239604749261,0,74.6047732931114,74.6047732931114,0,0,0,1,1,-4.44089209850063e-16
04-Nov-2023 16:15:00,2.03557444581985,5.639371,5.8,2,0,0,1.80189827709004,1.8018982770901,0,74.2126066722868,74.2126066722868,0,0,0,1,1,0
04-Nov-2023 16:30:00,1.57651172189713,5.335542,5.8,2,0,0,1.87951513905144,1.87951513905144,0,73.8047066661544,73.8047066661544,0,0,-0,1,1,0
04-Nov-2023 16:45:00,1.27006043801308,4.975398,5.8,2,0,0,1.87951513905144,1.87951513905144,0,73.3792363460522,73.3792363460522,0,0,-0,1,1,0.0536927161159517
04-Nov-2023 17:00:00,0.818834234261513,4.6286306,5.8,2,0,0,1.90489818286923,1.90489818286926,0,72.95376602595,72.95376602595,0,0,0,1,1,4.44089209850063e-16
04-Nov-2023 17:15:00,0.258001105427742,4.287859,5.8,2,0,0,2.01492894728617,2.01492894728609,0,72.5225496857419,72.5225496857419,0,0,0,1,1,0
04-Nov-2023 17:30:00,0.0320223816409707,3.8347735,5.8,2,0,0,1.90137555917956,1.90137555917947,0,72.0664254192368,72.0664254192368,0,0,0,1,1,4.44089209850063e-16
04-Nov-2023 17:45:00,0.00599656146280468,3.594394,5.8,2,0,0,1.79419871926861,1.79419871926858,0,71.6360065037463,71.6360065037463,0,0,-0,1,1,0
04-Nov-2023 18:00:00,0,3.3358793,5.8,2,0,0,1.66793965000007,1.66793964999993,0,71.2298494648626,71.2298494648626,0,0,-0,1,1,0
04-Nov-2023 18:15:00,0,3.1404977,5.8,2,0,0,1.57024885000004,1.57024884999996,0,70.8522739923102,70.8522739923102,0,0,-0,1,1,4.44089209850063e-16
04-Nov-2023 18:30:00,0,2.8202593,5.8,2,0,0,1.41012965,1.41012965,0,70.496813018909,70.496813018909,0,0,0,1,1,0
04-Nov-2023 18:45:00,0,2.5691648,5.8,2,0,0,1.28458240000004,1.28458239999996,0,70.1775986103069,70.1775986103069,0,0,0,1,1,-4.44089209850063e-16
04-Nov-2023 19:00:00,0.191744832730293,2.4748404,5.8,2,0,0,1.14642951745547,1.14642951745549,0,69.8868046318122,69.8868046318122,0,0,0,1,1,0.00976346764125768
04-Nov-2023 19:15:00,0.084171765089035,2.3770308,5.8,2,0,0,1.14642951745547,1.14642951745549,0,69.627284650498,69.627284650498,0,0,-0,1,1,0
04-Nov-2023 19:30:00,0.105164793080091,2.1794412,5.8,2,0,0,1.03713820345997,1.03713820345994,0,69.3677646691838,69.3677646691838,0,0,-0,1,1,4.44089209850063e-16
04-Nov-2023 19:45:00,0,1.9766529,5.8,2,0,0,0.988326450000002,0.988326449999998,0,69.1329852230129,69.1329852230129,0,0,-0,1,1,0
04-Nov-2023 20:00:00,0.233889465022087,1.9556115,5.8,2,0,0,0.892541172144994,0.892541172144976,0,68.9092554097701,68.9092554097701,0,0,-0,1,1,0.0633603093120574
04-Nov-2023 20:15:00,0.11196135571003,1.8970437,5.8,2,0,0,0.892541172144994,0.892541172144976,0,68.7072087380905,68.7072087380905,0,0,-0,1,1,0
04-Nov-2023 20:30:00,0,1.5843613,5.8,2,0,0,0.792180650000019,0.792180649999981,0,68.5051620664108,68.5051620664108,0,0,0,1,1,-2.22044604925031e-16
04-Nov-2023 20:45:00,0,1.4809504,5.8,2,0,0,0.740475200000007,0.740475199999993,0,68.325834245245,68.325834245245,0,0,0,1,1,-2.22044604925031e-16
04-Nov-2023 21:00:00,0,1.349142,5.8,2,0,0,0.674571000000031,0.674570999999969,0,68.1582111099875,68.1582111099875,0,0,0,1,1,0
04-Nov-2023 21:15:00,0.0158365149646997,1.050905,5.8,2,0,0,0.517534242517659,0.517534242517641,0,68.0055068655053,68.0055068655053,0,0,0,1,1,0
04-Nov-2023 21:30:00,0.124390700384974,0.9578748,5.8,2,0,0,0.467765849999972,0.467765850000028,0,67.8883514059654,67.8883514059654,0,0,0,1,1,0.102047600384974
04-Nov-2023 21:45:00,0,0.9355317,5.8,2,0,0,0.467765849999972,0.467765850000028,0,67.7824621360163,67.7824621360163,0,0,0,1,1,-1.11022302462516e-16
04-Nov-2023 22:00:00,0.00625731644388288,0.6824454,5.8,2,0,0,0.33809404177814,0.338094041777977,0,67.6765728660672,67.6765728660672,0,0,0,1,1,0
04-Nov-2023 22:15:00,0.0200027905739844,0.61950237,5.8,2,0,0,0.299749789712997,0.299749789713019,0,67.6000377122974,67.6000377122974,0,-0,0,1,1,0
04-Nov-2023 22:30:00,0,0.42920592,5.8,2,0,0,0.214602959999966,0.214602960000034,0,67.5321826382254,67.5321826382254,0,-0,-0,1,1,0
04-Nov-2023 22:45:00,0.0267731644839048,0.4164314,5.8,2,0,0,0.194829117757943,0.194829117758152,0,67.4836024548638,67.4836024548638,0,-0,-0,1,1,-5.55111512312578e-17
04-Nov-2023 23:00:00,0.0505655594229698,0.3326767,5.8,2,0,0,0.141055570288538,0.141055570288493,0,67.439498523283,67.439498523283,0,-0,0,1,1,5.55111512312578e-17
04-Nov-2023 23:15:00,0.00644735625497997,0.18412057,5.8,2,0,0,0.0888366068725454,0.0888366068724746,0,67.4075674377621,67.4075674377621,0,0,0,1,1,0
04-Nov-2023 23:30:00,0.0214723012581468,0.061903864,5.8,2,0,0,0.0202157813709004,0.0202157813709528,0,67.387457283405,67.387457283405,0,0,0,1,1,0
04-Nov-2023 23:45:00,0,0,5.8,2,0,0,0,0,0,67.3828809888106,67.3828809888106,0,0,0,0,-0,0
