datetime,PLa,PLb,PLc,PLtot,PVa,PVb,PVc,PVtot
2023-04-21 00:00:00,0.2741753329183479,2.4379630921944835,1.526811212066907,4.233885160401069,0.0460499999999999,0.0,0.1102499999999999,0.05577
2023-04-21 00:15:00,0.2748218806809329,2.437304540858279,1.461872808520546,4.174969271729229,0.04605,0.0,0.11025,0.05577
2023-04-21 00:30:00,0.3508204061653022,2.436335422945282,1.3175597870825655,4.101943536360253,0.04605,0.0,0.1102499999999999,0.05577
2023-04-21 00:45:00,0.3004592742975311,2.4397325543526582,1.6245139018319026,4.367020256535778,0.04605,0.0,0.1102499999999999,0.05577
2023-04-21 01:00:00,0.2910724525263771,2.4385004444197675,1.3807656382009292,4.106292495946612,0.04605,0.0,0.1102499999999999,0.05577
2023-04-21 01:15:00,0.3528955412419498,2.438670488501596,1.4847908285078195,4.2781560318554686,0.04605,0.0,0.11025,0.05577
2023-04-21 01:30:00,0.2882611454640475,2.436886543270246,1.631730238272493,4.357292418955002,0.04605,0.0,0.1102499999999999,0.05577
2023-04-21 01:45:00,0.2991429368710975,2.4231012050467577,1.6296628239188606,4.350819391701215,0.04605,0.0,0.11025,0.05577
2023-04-21 02:00:00,0.3438415110824533,2.421804403414775,1.3733470107378034,4.139474579600177,0.04605,0.0,0.1102499999999999,0.05577
2023-04-21 02:15:00,0.251352285660338,2.4278405621696058,1.5961718071165036,4.274836150992932,0.04605,0.0,0.11025,0.05577
2023-04-21 02:30:00,0.2359839625283345,2.508188221985141,2.0750833928966124,4.81635758801149,0.04605,0.0,0.1102499999999999,0.05577
2023-04-21 02:45:00,0.2651982548993334,2.628505661689552,2.544123072590323,5.43806276396479,0.04605,0.0,0.11025,0.05577
2023-04-21 03:00:00,0.2482477058052083,2.5326760770325123,2.029215037116196,4.811745448837637,0.04605,0.0,0.1102499999999999,0.05577
2023-04-21 03:15:00,0.3939779342754298,2.19270769897347,0.3769295692796512,2.963665193418656,0.04605,0.0,0.11025,0.05577
2023-04-21 03:30:00,0.4490346772903072,2.1898406083033306,0.2912370121571768,2.9301159374583303,0.0460499999999999,0.0,0.1102499999999999,0.05577
2023-04-21 03:45:00,0.3983016616847953,2.1912760141344325,0.3011691200426711,2.8908556655517708,0.04605,0.0,0.1102499999999999,0.05577
2023-04-21 04:00:00,0.4037481780513008,2.18991901331941,0.3081238209711282,2.901790502227308,0.04605,0.0,0.1102499999999999,0.05577
2023-04-21 04:15:00,0.4475415626632056,2.193030696924907,0.2963827354663753,2.936956402018182,0.04605,0.0,0.11025,0.05577
2023-04-21 04:30:00,0.394287379603085,2.183626479765317,0.2964183733360009,2.874428166322192,0.0460499999999999,0.0,0.11025,0.05577
2023-04-21 04:45:00,0.3916392271116381,2.1755789384866646,0.3075260072433982,2.874712364991721,0.04605,0.0,0.11025,0.05577
2023-04-21 05:00:00,0.4403325247326315,2.1697288078299737,0.3017891625352946,2.9118766502522977,0.04605,0.0,0.1102499999999999,0.05577
2023-04-21 05:15:00,0.3055106566077162,2.1671985807547536,0.2914882350198169,2.764163736912817,0.04605,0.0,0.1102499999999999,0.05577
2023-04-21 05:30:00,0.2690969261115405,2.162264056363698,0.3088628458555123,2.740212491137601,0.04605,0.0,0.1102499999999999,0.05577
2023-04-21 05:45:00,0.2561509159287604,2.158016670370082,0.3078947328541113,2.7220589208617096,0.04605,0.0,0.11025,0.05577
2023-04-21 06:00:00,0.2051792589256907,2.16009532139164,0.195803145090455,2.5610373721605058,0.0460499999999999,0.0,0.11025,0.05577
2023-04-21 06:15:00,1.5574863372130785,3.5022252413424737,0.4303451102867681,5.490411270019167,0.04605,0.0,0.0897000947777699,0.0613884895555578
2023-04-21 06:30:00,1.5374667867500804,3.522832556976653,0.4238394800706722,5.484146927761048,0.0684900117712351,0.0,0.0616565213770125,0.0625001607995702
2023-04-21 06:45:00,2.132136612707864,4.052328486006648,2.4469767175886243,8.62550554679082,0.1375793039071883,0.0,0.0510313432902229,0.1880961062586107
2023-04-21 07:00:00,3.03377177736046,4.955287796050803,4.597113621615296,12.587068027735754,0.2273894857352387,0.0,0.1279521683775729,0.355221382815624
2023-04-21 07:15:00,2.9782769341273454,4.965287083893473,4.84475291132918,12.786948995189318,0.3319539746340171,0.0,0.2217692958216192,0.5537231471827356
2023-04-21 07:30:00,2.98911707988399,4.971517058548999,4.497808775238183,12.458035615325514,0.4525105523020235,0.0,0.3315385421227549,0.7838818652694601
2023-04-21 07:45:00,2.5131761212605994,5.084337101835906,4.03939047939696,11.634464062319635,0.5810889790977016,0.0,0.4515894194673091,1.032762738732489
2023-04-21 08:00:00,3.00429458186625,6.223441443280721,6.182113635414587,15.41035055858545,0.7081853712678138,0.0,0.5683415701073209,1.2767870527555008
2023-04-21 08:15:00,2.4949750930062486,5.916990921839352,7.479465708158371,15.890826887681843,0.8399405772500085,0.0,0.6893315358892727,1.5292657141747308
2023-04-21 08:30:00,2.6356802368778465,6.039996275538678,7.458266844000758,16.132650732086997,0.9683584237657032,0.0,0.810802150713251,1.7793202146380491
2023-04-21 08:45:00,2.182433585909657,6.520158103844801,8.148652678101623,16.851203871516383,1.1041521771603084,0.0,0.936909277688252,2.0403660436788096
2023-04-21 09:00:00,2.883262755601628,7.88996675880133,10.34875157532792,21.11575463288588,1.2394708757356756,0.0,1.0637705491393423,2.3027609763464034
2023-04-21 09:15:00,5.706912802591695,10.732621479089998,11.8795208710728,28.32157232026777,1.363409066222261,0.0,1.179534731555594,2.5429229395556234
2023-04-21 09:30:00,5.658234287619272,10.442234320068554,9.314440530409929,25.40845034604982,1.4881581594212516,0.0,1.2961713598480198,2.784115723763162
2023-04-21 09:45:00,4.596508928853098,9.615756521077476,9.695937773063006,23.910871147236943,1.5947194211882432,0.0,1.3981045307291766,2.9934171883748446
2023-04-21 10:00:00,5.4394332429818615,10.543839994109964,10.195485675024548,26.178502727434388,1.6905020903288497,0.0,1.4852301870176925,3.1757133097244417
2023-04-21 10:15:00,5.7259824672079045,10.573230388840106,13.325399879493611,29.625345631684496,1.8034689771729275,0.0,1.5927354421549342,3.396022198167027
2023-04-21 10:30:00,5.225983510492896,10.099813361847527,13.257474069189776,28.58959582660236,1.908204752490792,0.0,1.6878183521220769,3.596336289081438
2023-04-21 10:45:00,5.1646141022222265,10.45597253255574,10.319400800888994,25.93888715088909,1.9431693122846203,0.0,1.715588659032793,3.658406797220662
2023-04-21 11:00:00,5.665976781434072,10.5697200829351,11.088454395441673,27.320322298165564,1.9863246194445696,0.0,1.755246860777895,3.7416017426668473
2023-04-21 11:15:00,4.763747394777842,9.784083185000265,12.720345394444475,27.267137570666968,2.0774298110272733,0.0,1.8425159866907896,3.919352560407846
2023-04-21 11:30:00,4.588467464926472,9.34885533740604,11.406626989835855,25.33814881866144,2.1247947705556345,0.0,1.8847061182222584,4.009832128777924
2023-04-21 11:45:00,1.1682616108897883,6.237451281114555,11.349702372738507,18.75839789505908,2.157691521777814,0.0,1.9190467458889189,4.076680807222351
2023-04-21 12:00:00,2.440071796342148,6.126269167388853,10.339764142609477,18.90208453019102,2.1793647684666144,0.0,1.938523904675164,4.11932188460554
2023-04-21 12:15:00,2.838800559933288,5.97443620539043,9.74869342272847,18.56641393942709,2.1329282944738788,0.0,1.8964180253264071,4.029248248153636
2023-04-21 12:30:00,3.3129321754445376,6.002644239110969,10.366510605555913,19.682997066666733,2.11224947285398,0.0,1.877726710919568,3.990040743781508
2023-04-21 12:45:00,2.4470533409985684,5.944339679841815,9.000681835633134,17.38740942867039,2.1258129245900848,0.0,1.8902838487357008,4.015173752820069
2023-04-21 13:00:00,1.756841490964765,5.972084100708815,7.834724968771108,15.57371145417912,2.071334039794644,0.0,1.8414785433053185,3.9132201316490143
2023-04-21 13:15:00,1.4282455073430582,6.180858882001192,5.8101644268925705,13.420934352129535,2.0431381406276983,0.0,1.814855527242516,3.857668690475052
2023-04-21 13:30:00,3.22110517488659,7.920799776416363,8.766601156942265,19.90073214811449,2.013833427790406,0.0,1.7861511450415528,3.800206012023896
2023-04-21 13:45:00,6.0433616468640885,10.514108257306722,10.977773881140669,27.539175300701707,1.9524136519575133,0.0,1.7273007321245626,3.679589919344068
2023-04-21 14:00:00,5.482973706948289,9.803388834685885,7.911732286270055,23.19808280944953,1.8670082521703983,0.0,1.6485296412970043,3.515793472538863
2023-04-21 14:15:00,4.6709703836413565,10.036084373889258,10.569059529278425,25.27933288508513,1.806302708331012,0.0,1.59416794540025,3.3992013460022568
2023-04-21 14:30:00,5.856024621532063,10.84440127189682,14.024369126133568,30.728109479259224,1.7380432383207145,0.0,1.5282255896342194,3.267236237276212
2023-04-21 14:45:00,6.047091960910637,11.032830478067552,11.889427371460192,28.970346241532305,1.6074416943558971,0.0,1.4055982248548091,3.0120907766678284
2023-04-21 15:00:00,5.187801588765384,10.439767538191449,11.34706279344977,26.97889191196286,1.5001035944459815,0.0,1.3035827178006034,2.8033281761732765
2023-04-21 15:15:00,5.223495141298288,10.803898888950714,12.26075717436953,28.28792182993119,1.3890101404443846,0.0,1.2011870326666836,2.5903358917776607
2023-04-21 15:30:00,5.547224235777764,10.625668413888825,11.684425365222213,27.857864967222223,1.257397422495889,0.0,1.0769568126896405,2.334040442737522
2023-04-21 15:45:00,5.22424183552118,10.32138862452629,9.71878714546156,25.25971983827805,1.1189969869573215,0.0,0.94704699195668,2.066418733391164
2023-04-21 16:00:00,5.818072058967218,10.837691007995554,12.24734133303726,28.89960754280982,0.8215828946666315,0.0,0.6717382417777364,1.4934435742221692
2023-04-21 16:15:00,5.3121332600118665,10.192644658382337,10.461258338983123,25.9682948825705,0.3952567423594347,0.0,0.2786498931265395,0.6740042702720632
2023-04-21 16:30:00,5.7742319945554925,10.534166312111068,11.413000672222145,27.72120506166669,0.3128666489604106,0.0,0.2030919838421134,0.5159736215231197
2023-04-21 16:45:00,4.665733879963626,9.14216069350934,10.283293272115182,24.09458435715413,0.2754124641063307,0.0,0.1698914529715057,0.445345126350175
2023-04-21 17:00:00,5.632951878749338,10.295716585788377,8.514296375705332,24.44092305059328,0.2316402114444471,0.0,0.1304086090000144,0.361977186888899
2023-04-21 17:15:00,4.691077775777404,9.123872487719629,9.371203040608096,23.18725119868398,0.1913144515412481,0.0,0.095815394723699,0.2870514518189541
2023-04-21 17:30:00,5.48923814119584,9.660885281514236,9.258115932511965,24.409989639013155,0.1503585309252658,0.0,0.0612964597943937,0.2116322236176871
2023-04-21 17:45:00,4.55388195347842,8.989214556078167,5.755716935632869,19.29718921422782,0.1078490685555589,0.0,0.0312060087777742,0.1308641134444389
2023-04-21 18:00:00,3.919664758779796,7.926779947370162,5.561153849971455,17.41008036574373,0.0698382045727255,0.0,0.02315,0.0630838694840735
2023-04-21 18:15:00,3.24724817210649,6.339132990128574,4.189864382586967,13.774312846725325,0.0421670330952186,0.0,0.0819866343750379,0.0487610892871028
2023-04-21 18:30:00,1.8386900966462616,4.392963586131818,5.731815039380535,11.964595797442648,0.0416899999999999,0.0,0.10848,0.05162
2023-04-21 18:45:00,1.031643490433958,4.193617866697791,4.611719678243391,9.839914177943484,0.04169,0.0,0.10848,0.05162
2023-04-21 19:00:00,0.4328236004622541,3.974699554081386,2.650128187546045,7.057950166455785,0.04169,0.0,0.1084799999999999,0.05162
2023-04-21 19:15:00,0.9654226812656956,4.506859447036823,2.6936641089481506,8.1641840792836,0.04169,0.0,0.10848,0.05162
2023-04-21 19:30:00,1.4951699467742796,4.853423268106793,3.1348775747273225,9.48666388414792,0.04169,0.0,0.10848,0.05162
2023-04-21 19:45:00,1.3175557947207948,4.7044512543484345,2.9299351892190764,8.947125875743208,0.04169,0.0,0.10848,0.05162
2023-04-21 20:00:00,1.372200724465494,4.638963490252785,2.8524531721187687,8.865617017050731,0.04169,0.0,0.10848,0.05162
2023-04-21 20:15:00,1.4983682270409604,4.628484400404361,3.3003749735055656,9.429242945711316,0.0416899999999999,0.0,0.10848,0.05162
2023-04-21 20:30:00,1.4008544155309377,4.553470486094057,3.0547635333806458,9.006711454169247,0.0416899999999999,0.0,0.10848,0.0516199999999999
2023-04-21 20:45:00,1.6905138620350904,4.380804471520304,3.002077316487838,9.073915188456944,0.04169,0.0,0.10848,0.05162
2023-04-21 21:00:00,1.6466895236772512,4.412719288405442,2.952152120558965,9.013298554917462,0.04169,0.0,0.10848,0.05162
2023-04-21 21:15:00,0.5323959868925475,3.802009396167732,1.9227369598444928,6.257500734684725,0.0416899999999999,0.0,0.10848,0.05162
2023-04-21 21:30:00,0.4007227338457096,2.4072891339212386,1.9939288700326985,4.804588326484453,0.04169,0.0,0.10848,0.05162
2023-04-21 21:45:00,0.4484434057190083,2.39839946655405,2.0876746440914444,4.933095459374507,0.04169,0.0,0.1084799999999999,0.05162
2023-04-21 22:00:00,0.4021681291742142,2.399950269261115,2.033625838510197,4.837437199039897,0.0416899999999999,0.0,0.10848,0.05162
2023-04-21 22:15:00,0.4476464214384878,2.39538640044432,2.03404808131086,4.876000580283354,0.0416899999999999,0.0,0.10848,0.05162
2023-04-21 22:30:00,0.3590116712419999,1.982440973048064,1.7484787466516758,4.091566804890177,0.04169,0.0,0.10848,0.05162
2023-04-21 22:45:00,0.2161136483333334,0.1627263764444411,0.465459015666647,0.7639996905555165,0.04169,0.0,0.10848,0.05162
2023-04-21 23:00:00,0.2609576812028772,0.1226,0.3642358601720344,0.6252207203662654,0.04169,0.0,0.10848,0.05162
2023-04-21 23:15:00,0.2163812625824935,0.1226,0.3464171824100525,0.5626976383796618,0.0416899999999999,0.0,0.10848,0.05162
2023-04-21 23:30:00,0.2166316272274815,0.1226,0.3672465666799982,0.5838783532195714,0.04169,0.0,0.10848,0.05162
2023-04-21 23:45:00,0.2646182203069415,0.1226,0.3510582450742999,0.6152650068859746,0.04169,0.0,0.10848,0.05162
2023-04-22 00:00:00,0.2244506956270407,0.1226,0.3688975543007051,0.5933679915964494,0.0416899999999999,0.0,0.10848,0.05162
2023-04-22 00:15:00,0.2616912206071578,0.1226,0.3439350628972752,0.6056495820553487,0.0416899999999999,0.0,0.10848,0.05162
2023-04-22 00:30:00,0.2581917600320151,0.1226,0.2548380451620803,0.5130675320879815,0.0416899999999999,0.0,0.10848,0.05162
2023-04-22 00:45:00,0.2064981101566031,0.1226,0.2784403009524233,0.4853739603916527,0.04169,0.0,0.10848,0.05162
2023-04-22 01:00:00,0.2754754906994233,0.1226,0.2761382535502384,0.551638352890236,0.04169,0.0,0.10848,0.0516199999999999
2023-04-22 01:15:00,0.2301506263187123,0.1226,0.2576841777901235,0.4879172111049408,0.04169,0.0,0.10848,0.05162
2023-04-22 01:30:00,0.2255634538888889,0.1226,0.278572130111111,0.5041375477777776,0.04169,0.0,0.10848,0.05162
2023-04-22 01:45:00,0.270056425428362,0.1226,0.2786838181434318,0.5487354103606911,0.04169,0.0,0.10848,0.05162
2023-04-22 02:00:00,0.2223826054389245,0.1226,0.2786317373667773,0.5010097326102163,0.0416899999999999,0.0,0.10848,0.05162
2023-04-22 02:15:00,0.2244479313256449,0.1226,0.2804657510081206,0.5049126479965702,0.04169,0.0,0.10848,0.05162
2023-04-22 02:30:00,0.2616877401180112,0.1226,0.2843709989220665,0.5460551690799728,0.04169,0.0,0.10848,0.05162
2023-04-22 02:45:00,0.2202796704029143,0.1226,0.2841234714893521,0.5043887884779873,0.04169,0.0,0.10848,0.0516199999999999
2023-04-22 03:00:00,0.2666787141111237,0.1226,0.3264485003333324,0.5931090980000111,0.04169,0.0,0.10848,0.05162
2023-04-22 03:15:00,0.2192425824450671,0.1226,0.3624161356689526,0.5816911901877353,0.0416899999999999,0.0,0.10848,0.0516199999999999
2023-04-22 03:30:00,0.2189875014168731,0.1226,0.3418970340160269,0.5608555003500532,0.04169,0.0,0.10848,0.05162
2023-04-22 03:45:00,0.2637985484874102,0.1226,0.3338093361023503,0.5975910284971818,0.0416899999999999,0.0,0.10848,0.05162
2023-04-22 04:00:00,0.2187297284444455,0.1226,0.3168227300000005,0.5355551613333347,0.04169,0.0,0.10848,0.05162
2023-04-22 04:15:00,0.2181935271817685,0.1226,0.310112118954975,0.5282978753752084,0.0416899999999999,0.0,0.10848,0.0516199999999999
2023-04-22 04:30:00,0.2640429030789681,0.1226,0.2855121571566609,0.5495615421427392,0.04169,0.0,0.10848,0.05162
2023-04-22 04:45:00,0.2178465419043478,0.1226,0.2830886624189667,0.5009545258031189,0.04169,0.0,0.10848,0.05162
2023-04-22 05:00:00,0.2623396747100632,0.1226,0.3628699385637473,0.6249162540550417,0.0416899999999999,0.0,0.10848,0.05162
2023-04-22 05:15:00,0.2172271912970067,0.1226,0.3592486660076836,0.576475994135806,0.04169,0.0,0.10848,0.05162
2023-04-22 05:30:00,0.2167718722714087,0.1226,0.3474333028582769,0.5642135733567265,0.04169,0.0,0.10848,0.0516199999999999
2023-04-22 05:45:00,0.2614390636670651,0.1226,0.3658107437088744,0.6272603706873393,0.04169,0.0,0.10848,0.05162
2023-04-22 06:00:00,0.2163862417106355,0.1226,0.2924446758122747,0.5088763442377082,0.04169,0.0,0.10848,0.05162
2023-04-22 06:15:00,0.2161681560196955,0.1226,0.1471440374376114,0.3632357246868201,0.0419128000711392,0.0,0.0855567972032647,0.0575182792734748
2023-04-22 06:30:00,0.2600108489979031,0.1226,0.1717925684353192,0.4320756812424896,0.072070712365891,0.0,0.0661,0.0646730620404707
2023-04-22 06:45:00,0.2138879924196081,0.1226,0.1712189735353286,0.3850907802687583,0.1201541699360846,0.0,0.037379596332313,0.1465571944428956
2023-04-22 07:00:00,0.2563047369999085,0.1226,0.1514218343366113,0.4076591019347161,0.1882052307470297,0.0,0.0882876730880267,0.2766076316491451
2023-04-22 07:15:00,0.2119731705881052,0.1226,0.1666998672487731,0.3787891531693653,0.1738536599833494,0.0,0.0757729699527821,0.2496016913079745
2023-04-22 07:30:00,0.215013459461259,0.1226,0.1713091542205627,0.3863100408943403,0.203234193781393,0.0,0.1013899651064603,0.3044842580121722
2023-04-22 07:45:00,0.2639994273617508,0.1226,0.1562959548601486,0.4200331068932422,0.411947293497949,0.0,0.2901283066442991,0.70186516118993
2023-04-22 08:00:00,0.2197805891896673,0.1226,0.1630687629461793,0.3827426460194797,0.545247791652364,0.0,0.4117085694289086,0.956933121104834
2023-04-22 08:15:00,0.2174102158601052,0.1226,0.1715597211482925,0.3889828385104203,0.8184146377809906,0.0,0.6702219545045296,1.488792964983804
2023-04-22 08:30:00,0.2707459187552159,0.1226,1.0943976491247491,1.3647025500416774,0.9290961116666931,0.0,0.7712433425555641,1.7002501841111437
2023-04-22 08:45:00,0.2505448138401233,0.1226,2.4599162963456456,2.7104780367989147,1.0016885195471688,0.0,0.8387456684034384,1.8400807440036089
2023-04-22 09:00:00,1.000109984212228,0.7508153784063992,2.562693961731313,4.252473543911223,1.2226061339232153,0.0,1.043992369556006,2.267354473333244
2023-04-22 09:15:00,1.6069604893737572,1.45083990345839,2.143710533700813,5.200774965060719,1.3003576270094075,0.0,1.1195732187572889,2.4190287922855167
2023-04-22 09:30:00,1.6138166865870602,1.4493646690363802,2.055141275090392,5.11995694429326,1.42345114211111,0.0,1.2345047903333315,2.6580351498888874
2023-04-22 09:45:00,1.692103607670911,3.144297122290168,2.180131977432008,7.018960508059994,1.535656303715171,0.0,1.33975493611969,2.8759907352354954
2023-04-22 10:00:00,1.6652664347893678,3.353465811552041,1.8197352078568103,6.838475121804978,1.6616050429562723,0.0,1.457215020505601,3.117388887579742
2023-04-22 10:15:00,1.8690258211641768,3.072199166722025,2.1831145395746017,7.124445078348511,1.7526261168889548,0.0,1.5457749848889155,3.297790441555683
2023-04-22 10:30:00,3.272612578050384,4.394563677532478,6.382095797835642,14.049714772126128,1.824567302333372,0.0,1.6129250772222374,3.4374537223334114
2023-04-22 10:45:00,3.2098483547777747,4.443527259333135,6.440383729777686,14.09420239933312,1.867482559919169,0.0,1.65296177080787,3.5209658625247577
2023-04-22 11:00:00,3.2414442996210577,4.502986971118199,3.8958554750131897,11.641942498360994,1.9149974404748311,0.0,1.6989166621462195,3.6135542162245575
2023-04-22 11:15:00,3.192781040741071,4.517358587946661,3.961086174915629,11.670078525302069,1.959838868444384,0.0,1.740322897999973,3.700229402999888
2023-04-22 11:30:00,3.1796745602435736,4.788611809474158,8.387362487193526,16.35582117531345,2.0561525655096107,0.0,1.8337930553735369,3.8900260745348696
2023-04-22 11:45:00,3.2382982117761925,4.845208437361015,8.100479308347222,16.183726339611084,2.1191279220894708,0.0,1.8872429010280856,4.00619940272298
2023-04-22 12:00:00,3.4125668829596867,4.926118786183041,8.114048020496725,16.45137542153829,2.038941611882163,0.0,1.8154467242641807,3.8536573172680177
2023-04-22 12:15:00,3.606360456556534,4.997406552759203,8.079233765952218,16.6849523850549,1.8594190272036573,0.0,1.6471641202160237,3.506785727430348
2023-04-22 12:30:00,3.606151182259445,5.048561150714901,8.095390677211176,16.75245783141381,1.508585221303948,0.0,1.316144341754511,2.824970998644879
2023-04-22 12:45:00,2.484632445725813,5.091114952669941,8.229675567517617,15.803877030531291,1.7374391905502882,0.0,1.5317857011673224,3.268824220122399
2023-04-22 13:00:00,2.613521682890992,4.09638866815563,9.450501506867266,16.163929422033824,1.0094204634445318,0.0,0.8461093830000833,1.855639719333444
2023-04-22 13:15:00,2.382029450434644,3.881265044240984,9.83455586836674,16.099142110224527,1.3297194728131403,0.0,1.1453361276311962,2.475422178172757
2023-04-22 13:30:00,2.409328046529553,3.888599003331386,10.070961036646228,16.36768551327017,1.343974323444422,0.0,1.163948996888896,2.5067568296665
2023-04-22 13:45:00,1.687820913111073,3.8927419504443495,10.239383132666596,15.818086679666427,1.832887230547078,0.0,1.6195912351013604,3.452171440933092
2023-04-22 14:00:00,2.5544932443214083,3.927808598368436,10.137661088145126,16.619160064563832,1.4818649573334368,0.0,1.2908578003334863,2.772681294111269
2023-04-22 14:15:00,2.448527808351588,3.8042201316389774,11.060991060886964,17.3102601294174,1.723066573888836,0.0,1.5156204268888416,3.238962482666557
2023-04-22 14:30:00,2.339858924363184,3.6612558067278456,11.342937925874793,17.35090601705301,1.6741087742149867,0.0,1.4712699175325346,3.1458054835230502
2023-04-22 14:45:00,2.485871359196296,3.281851775700778,10.068906798093076,15.838106454932245,1.5757792255555318,0.0,1.378000414444449,2.9537024906666254
2023-04-22 15:00:00,2.7100134916966594,3.2365824256595523,10.235772222271624,16.184449149680127,1.464977969222217,0.0,1.2721938988889057,2.7373655378888784
2023-04-22 15:15:00,2.662979839944938,3.6135426935945847,10.117361273327363,16.39087038468838,1.3679422944463562,0.0,1.1822052361325224,2.549859816804225
2023-04-22 15:30:00,2.584564853617352,3.2519052801038857,9.9301951266132,15.76751151969166,1.2376653736667032,0.0,1.0586929387778237,2.2965435707778497
2023-04-22 15:45:00,2.524728056610892,3.415876850518858,10.000120037881286,15.941863786909105,1.1148110883022533,0.0,0.9451129470407992,2.060351323034098
2023-04-22 16:00:00,2.451715921878958,3.0774326642064915,9.69194658059423,15.224780183186406,0.7923763227777957,0.0,0.6413952924444548,1.4334004884444942
2023-04-22 16:15:00,2.579086372713419,3.2393407063762587,9.788399426902204,15.610378817486207,0.4068429441821428,0.0,0.282031985892775,0.6889810497083657
2023-04-22 16:30:00,2.609706455749774,3.9725385905898487,11.66115130761877,18.23986025792341,0.3334064013333461,0.0,0.2150677717777792,0.5485488128889017
2023-04-22 16:45:00,2.479505978222296,3.261578723000019,11.178993222777946,16.924380187000075,0.2944831141164816,0.0,0.178851739584602,0.4733471675908656
2023-04-22 17:00:00,2.569844874213844,3.188773935595829,10.79513541258306,16.548028785363396,0.2494430833324025,0.0,0.1381555824158547,0.3876471820736821
2023-04-22 17:15:00,2.603531201253626,3.1836389671154635,10.986692693235105,16.771601893955385,0.2148109831111037,0.0,0.1092077288888997,0.3240440423333324
2023-04-22 17:30:00,2.7008016790882525,3.528310801390536,9.18642484177685,15.409893231775634,0.183974751777786,0.0,0.0824220623333289,0.2664268284444572
2023-04-22 17:45:00,2.621044919222204,3.1294459059999578,11.043291576666611,16.78984928855569,0.1440845408888806,0.0,0.0495032270000031,0.1936709640000035
2023-04-22 18:00:00,2.4506287687314714,2.772220520476777,10.972890520365397,16.190259013962518,0.0945652476601347,0.0,0.0234414660634481,0.1008201173829134
2023-04-22 18:15:00,2.4140751772286,2.197657800944286,9.414500411885747,14.030201710858371,0.0564784762909507,0.0,0.0349959012770772,0.0489720933925569
2023-04-22 18:30:00,2.3187631027776847,1.171338885444302,7.424451532000003,10.917867426666222,0.05121,0.0,0.0576433508615913,0.0314961836575912
2023-04-22 18:45:00,0.9357910544440302,2.367805331874353,9.038970606649604,12.341455966073331,0.05121,0.0,0.05666,0.03094
2023-04-22 19:00:00,1.0375846488011278,2.4637066792213176,8.897516122147334,12.399869372041506,0.05121,0.0,0.05666,0.03094
2023-04-22 19:15:00,0.9526179814157284,2.3686418824260262,7.269354167324134,10.591126321288234,0.05121,0.0,0.05666,0.03094
2023-04-22 19:30:00,0.9859555525054434,2.400920318067134,9.10580788288639,12.492501340838452,0.05121,0.0,0.05666,0.03094
2023-04-22 19:45:00,0.9472819708628984,1.5462792423686642,8.696885943013877,11.194875122533436,0.05121,0.0,0.05666,0.03094
2023-04-22 20:00:00,0.7817057649437889,0.7544813979796323,5.468162584595757,7.0068839130095775,0.05121,0.0,0.05666,0.03094
2023-04-22 20:15:00,0.2842400342317309,0.2757279564323423,1.6149761095858113,2.1728737160323006,0.05121,0.0,0.05666,0.03094
2023-04-22 20:30:00,0.2299037349732248,0.1181382847810128,0.3529249602248624,0.6403144245939136,0.05121,0.0,0.05666,0.03094
2023-04-22 20:45:00,0.2592448732672543,0.0802,0.3057637405589125,0.5646188830638028,0.05121,0.0,0.05666,0.03094
2023-04-22 21:00:00,0.2376828021477348,0.0802,0.2837666415803274,0.5214468432344878,0.05121,0.0,0.05666,0.03094
2023-04-22 21:15:00,0.2240406263398159,0.0802,0.3050225642278794,0.5289361178927277,0.05121,0.0,0.05666,0.03094
2023-04-22 21:30:00,0.2650044519779232,0.0802,0.2980829645766861,0.5631879582967653,0.05121,0.0,0.05666,0.03094
2023-04-22 21:45:00,0.2219648738683706,0.0802,0.2926135313524127,0.5145789558456096,0.05121,0.0,0.05666,0.03094
2023-04-22 22:00:00,0.2216749482599564,0.0802,0.3077808626304619,0.5294535123209109,0.05121,0.0,0.05666,0.03094
2023-04-22 22:15:00,0.2645796333914673,0.0802,0.2852478526898331,0.5498063404713791,0.05121,0.0,0.05666,0.03094
2023-04-22 22:30:00,0.2209230016666675,0.0802,0.3083273688888831,0.5291836291111114,0.05121,0.0,0.05666,0.03094
2023-04-22 22:45:00,0.26191236728711,0.0802,0.3061920212340634,0.5680999572431314,0.05121,0.0,0.05666,0.03094
2023-04-22 23:00:00,0.2210264164490134,0.0802,0.2879414728535728,0.5089712396776904,0.05121,0.0,0.05666,0.03094
2023-04-22 23:15:00,0.2204235121978328,0.0802,0.3091908383439845,0.529615711697694,0.05121,0.0,0.05666,0.03094
2023-04-22 23:30:00,0.262114565019452,0.0802,0.2976684430871716,0.5594333364797497,0.05121,0.0,0.05666,0.03094
2023-04-22 23:45:00,0.2193683327404918,0.0802,0.2966810085369397,0.5160179899290844,0.05121,0.0,0.05666,0.03094
2023-04-23 00:00:00,0.2342892240113667,0.147132828833229,0.3694887309283316,0.6330642420265558,0.05121,0.0,0.05666,0.03094
2023-04-23 00:15:00,0.2526979777602517,0.19398,0.3300069769715281,0.5827071226074507,0.05121,0.0,0.0566599999999999,0.03094
2023-04-23 00:30:00,0.2185617096971376,0.19398,0.3286640162267294,0.5472344315643229,0.05121,0.0,0.05666,0.03094
2023-04-23 00:45:00,0.2608065887305658,0.19398,0.3339757153646704,0.5943729636458691,0.05121,0.0,0.05666,0.03094
2023-04-23 01:00:00,0.2189194894170472,0.19398,0.4506987570590038,0.6696163612210377,0.05121,0.0,0.05666,0.03094
2023-04-23 01:15:00,0.2189966629262155,0.1939799999999999,0.4767017689735243,0.6956959720910583,0.05121,0.0,0.05666,0.03094
2023-04-23 01:30:00,0.2619366321778978,0.19398,0.4584432704682083,0.7200088284193,0.05121,0.0,0.05666,0.03094
2023-04-23 01:45:00,0.2194644286507488,0.1939799999999999,0.4508060839533587,0.670281976013325,0.05121,0.0,0.0566599999999999,0.03094
2023-04-23 02:00:00,0.2599529489716886,0.19398,0.4350673887715395,0.695020038132333,0.05121,0.0,0.05666,0.03094
2023-04-23 02:15:00,0.2194255872621089,0.19398,0.4018885068064223,0.6213135958561883,0.0512099999999999,0.0,0.05666,0.03094
2023-04-23 02:30:00,0.2193217826140111,0.19398,0.320705223132415,0.5400503751292132,0.05121,0.0,0.05666,0.03094
2023-04-23 02:45:00,0.2634959208669072,0.19398,0.2978688172270053,0.5613751629897176,0.05121,0.0,0.0566599999999999,0.03094
2023-04-23 03:00:00,0.2195099657990588,0.19398,0.3112674779026382,0.5307767328106959,0.05121,0.0,0.05666,0.03094
2023-04-23 03:15:00,0.2679791054877957,0.19398,0.3110745761374495,0.5790316006534942,0.05121,0.0,0.05666,0.03094
2023-04-23 03:30:00,0.2208159531326404,0.19398,0.288162985681888,0.5089964867268408,0.05121,0.0,0.05666,0.03094
2023-04-23 03:45:00,0.2206057431944651,0.19398,0.3117990449481878,0.5323506667259017,0.05121,0.0,0.05666,0.03094
2023-04-23 04:00:00,0.2592303317809469,0.19398,0.309693535217686,0.5692471823628151,0.05121,0.0,0.05666,0.03094
2023-04-23 04:15:00,0.2157134694444446,0.19398,0.2850445706666688,0.5007618080000024,0.05121,0.0,0.05666,0.03094
2023-04-23 04:30:00,0.273551114320296,0.19398,0.3080868782145992,0.5815890831935308,0.05121,0.0,0.05666,0.03094
2023-04-23 04:45:00,0.2554171009696009,0.19398,0.308124509923698,0.5635673577529234,0.05121,0.0,0.05666,0.03094
2023-04-23 05:00:00,0.2017950518477243,0.19398,0.2924214006112788,0.4942312138927367,0.05121,0.0,0.05666,0.03094
2023-04-23 05:15:00,0.2770197715079187,0.19398,0.2996350979172459,0.5766138190502718,0.05121,0.0,0.0566599999999999,0.03094
2023-04-23 05:30:00,0.2259440052454935,0.19398,0.3078137956480187,0.533758451912605,0.05121,0.0,0.05666,0.03094
2023-04-23 05:45:00,0.2232434497976759,0.19398,0.2973178891902693,0.5205470246564956,0.05121,0.0,0.05666,0.03094
2023-04-23 06:00:00,0.2621644939041682,0.19398,0.2014007686926731,0.4638615544846496,0.05121,0.0,0.05666,0.03094
2023-04-23 06:15:00,0.2193536747985557,0.19398,0.2023651951097525,0.4217215328702422,0.05121,0.0,0.0638828081499264,0.0494060580138454
2023-04-23 06:30:00,0.259086251972365,0.19398,0.1966291918350105,0.4557280407582834,0.0714573495060425,0.0,0.0650424808027833,0.0647802403680612
2023-04-23 06:45:00,0.2174554334155512,0.19398,0.2236356252916569,0.4409441432793485,0.12042879995111,0.0,0.0376805558086125,0.1574710516258769
2023-04-23 07:00:00,0.2160669186841023,0.1939799999999999,0.2897673408734875,0.5058368851311564,0.1936584515254993,0.0,0.0982382960338399,0.2917816694248075
2023-04-23 07:15:00,0.2563168847341953,0.19398,0.2903076550245506,0.5467272615477139,0.3119520041572621,0.0,0.2034531150584301,0.515613111056769
2023-04-23 07:30:00,0.2147408571682552,0.19398,0.2672961099628853,0.482059987443606,0.387572779179254,0.0,0.2733501934724106,0.66111761887834
2023-04-23 07:45:00,0.2688097338149232,0.1936338622950824,0.3236324635731862,0.595817677799313,0.603004716119878,0.0,0.4724949721228496,1.0755931943179906
2023-04-23 08:00:00,1.5439218079466277,1.2849550736315412,4.494094835231984,7.321510767768739,0.7542281418565919,0.0,0.6144060629238176,1.3680720210116937
2023-04-23 08:15:00,1.715034562073792,1.4660700299873397,4.67867721750817,7.859878777516161,0.8210369390748843,0.0,0.6756703376217001,1.4969187931610826
2023-04-23 08:30:00,1.7541408135088246,1.4603187884076667,4.636836988972379,7.852927683311703,0.8030831047777939,0.0,0.658115667666668,1.4619793304445217
2023-04-23 08:45:00,1.7133711648749512,1.4561548474079349,3.912346225401117,7.083640024321535,1.0659466032768437,0.0,0.907884028658698,1.9740447113579536
2023-04-23 09:00:00,1.7581567844401422,1.4607729593776055,4.173143847402185,7.393837767602355,1.3824547639685103,0.0,1.2055664164111126,2.5875746383961213
2023-04-23 09:15:00,1.7202786550064992,1.469902252953006,3.889484100430051,7.079735530319043,1.5357210789336129,0.0,1.3470113027436843,2.883008388989427
2023-04-23 09:30:00,1.7226146072809896,1.4630186585989235,3.718087656576349,6.903713394563831,1.1759175545628566,0.0,1.0057770241587598,2.1816453791617514
2023-04-23 09:45:00,3.094085870217379,2.827226183397844,3.825278348220269,9.74459139981341,1.3895335907435968,0.0,1.208602030840329,2.598176204062
2023-04-23 10:00:00,3.12956898607886,4.370732075838596,5.009577274989605,12.510251787194305,1.8282032712936576,0.0,1.6265068209883988,3.454895791337893
2023-04-23 10:15:00,2.5083398034443936,4.085334721444531,5.506044201111086,12.102655927444436,1.5762825678887882,0.0,1.38536342433326,2.961690643000036
2023-04-23 10:30:00,3.146398017576607,3.9449220470857,4.981827608381788,12.07389129335822,2.0120792635684395,0.0,1.7997290165354698,3.8122448529804593
2023-04-23 10:45:00,3.1766369275027446,3.0504613327632155,5.448277473758799,11.673174654396856,2.134913457832673,0.0,1.917823635191724,4.053231524664406
2023-04-23 11:00:00,3.2260451910127506,3.4262346164188395,5.145384305953736,11.80009920972491,1.5944104344926997,0.0,1.403948738626551,2.9999415458875944
2023-04-23 11:15:00,3.175532532164523,3.352303788525264,5.067672716374549,11.598774109059828,1.865796820757179,0.0,1.6617449871127836,3.5273247519219364
2023-04-23 11:30:00,3.212218514908672,2.9489586363788427,5.556848757293111,11.716214816794622,1.3523116559199675,0.0,1.177188779544272,2.5280164800442666
2023-04-23 11:45:00,3.209579482042053,3.751466912921602,8.381033862959423,15.339410196692764,2.3677520533848115,0.0,2.1366099893318773,4.504409287793753
2023-04-23 12:00:00,2.870086839322421,3.647520339572407,8.976148843543564,15.492109980894236,2.364996774999522,0.0,2.133232820612533,4.499241360174164
2023-04-23 12:15:00,3.388441264795747,3.5971205653790475,8.445964203278725,15.43288596321177,2.286541120400181,0.0,2.0582644364647247,4.3450741719844
2023-04-23 12:30:00,2.971309910802552,3.879492482754855,8.633134112857418,15.482280948181115,2.13333225371498,0.0,1.914064355272132,4.047151007130071
2023-04-23 12:45:00,3.395931672151114,3.9975212584770254,8.725781185325497,16.118258211562154,1.7554267537777783,0.0,1.5563865689999865,3.310914316555825
2023-04-23 13:00:00,2.432921361218152,3.4021076134254216,8.158430204915966,13.994368014260717,1.928891798481982,0.0,1.7226305580804109,3.652740816451096
2023-04-23 13:15:00,1.4090903903333616,2.367095517555525,8.189124228000335,11.961221328889485,2.151625680666702,0.0,1.9335190075556408,4.084666061111168
2023-04-23 13:30:00,1.4599110568084268,2.680177599617517,10.24354996932293,14.37986105547438,2.1176194270828,0.0,1.896266615266699,4.013276680924001
2023-04-23 13:45:00,2.061532910688085,3.193438160232521,10.601598588468088,15.854561042490486,2.0189201398366925,0.0,1.8080384763566133,3.826901573330837
2023-04-23 14:00:00,0.7693187790239043,3.6499629942537335,10.53605038591042,14.954836350632013,1.9846253717933235,0.0,1.7740709285950726,3.75922665752344
2023-04-23 14:15:00,1.5068303959723872,3.669024762783165,12.651216133739355,17.82822510252143,1.8971881527777923,0.0,1.6924501071111349,3.5896709676667014
2023-04-23 14:30:00,0.8150691237674299,3.735298540019551,11.287752081815697,15.842447380740614,1.8034424568888687,0.0,1.6024046526666822,3.405906760333309
2023-04-23 14:45:00,1.3690854998331512,3.711516919066019,11.005184142856931,16.08330382668089,1.71667828659744,0.0,1.5171504023882412,3.233283819520077
2023-04-23 15:00:00,0.8689821172171887,3.6251512133766566,11.225855007996378,15.717824841400123,1.6089622835555475,0.0,1.4143141538888733,3.023199853222255
2023-04-23 15:15:00,1.3629194802568982,3.633119288380935,11.106166441126245,16.102198883407894,1.4799276331019224,0.0,1.2958296266592784,2.7752116499861867
2023-04-23 15:30:00,0.7168036846668719,3.610885717080429,11.006419877837503,15.335328648985238,1.3416716282222043,0.0,1.1628397806666877,2.5045243269999613
2023-04-23 15:45:00,1.3059538107510174,3.6667470868369807,10.86759074595359,15.842111603994592,1.2134982604056703,0.0,1.0407834737427073,2.2543792281189754
2023-04-23 16:00:00,0.7570558727829971,3.6828470529404007,11.26895308774496,15.70766574509936,0.8349326909495267,0.0,0.687380614214343,1.5224844832871542
2023-04-23 16:15:00,1.1677303052985424,3.6589373502660463,11.10270912830546,15.926641247626032,0.3677928184071065,0.0,0.2520009674730776,0.6197675300876755
2023-04-23 16:30:00,0.7143805208808158,3.688711730044424,10.953742705000629,15.357344755843824,0.3068330900000046,0.0,0.19731850277777,0.5041420824444502
2023-04-23 16:45:00,1.0949693922798251,3.6745998771452095,10.425987856262116,15.197628263704202,0.2845702462123373,0.0,0.1773696645287482,0.4619898065871559
2023-04-23 17:00:00,0.6309976920683502,3.555518286441466,10.631122235482245,14.814002154365728,0.2468776690727391,0.0,0.1440528680732983,0.3909792669628085
2023-04-23 17:15:00,0.7607839038324729,3.5501530730926256,10.099586121954315,14.405708903054585,0.2036001488191046,0.0,0.1052799706585177,0.3088047404278808
2023-04-23 17:30:00,1.447476652260466,4.06395531014278,11.066566515493353,16.57378757241169,0.161373236666668,0.0,0.0700286741111344,0.2313379948888983
2023-04-23 17:45:00,1.5764629858836146,4.166638781056744,11.158941223830304,16.901178512056443,0.0976400776882597,0.0,0.0280279805501545,0.112711871075315
2023-04-23 18:00:00,0.7607494554389069,3.611514353264235,10.256327706016933,14.6262971197632,0.0525057337034984,0.0,0.0551188300943917,0.0475966184342093
2023-04-23 18:15:00,0.6971830061547335,3.643573595520581,10.219418663067014,14.562108050815246,0.05179,0.0,0.10368,0.05505
2023-04-23 18:30:00,0.6945720108405882,3.691694976452861,10.202519044895482,14.591321626977424,0.05179,0.0,0.10368,0.05505
2023-04-23 18:45:00,0.7077889212886352,3.6626901412425408,7.501153472834828,11.871547223376524,0.05179,0.0,0.10368,0.05505
2023-04-23 19:00:00,0.6504731048042333,3.583152908303169,8.736960836989649,12.97577514112725,0.0517899999999999,0.0,0.10368,0.05505
2023-04-23 19:15:00,0.7877435785659548,3.6639811213864775,8.331076086763186,12.78646349020224,0.05179,0.0,0.10368,0.05505
2023-04-23 19:30:00,0.6605909680287135,3.5734964756020595,6.914128620800771,11.148502983875298,0.05179,0.0,0.10368,0.05505
2023-04-23 19:45:00,0.6976417351202416,3.573608487353825,9.870975425168153,14.139548899409244,0.05179,0.0,0.10368,0.05505
2023-04-23 20:00:00,0.693434210830407,3.5317694919227485,9.81757299779986,14.04171923238456,0.05179,0.0,0.10368,0.05505
2023-04-23 20:15:00,0.4119365415162487,2.248436213940613,6.74607749514004,9.403660784781932,0.05179,0.0,0.10368,0.05505
2023-04-23 20:30:00,0.4332295256556704,2.061135192903619,8.188539475888229,10.681295811217591,0.05179,0.0,0.10368,0.05505
2023-04-23 20:45:00,0.8775479382406248,2.0154593968565373,3.52983855294458,6.4203474717103735,0.05179,0.0,0.10368,0.05505
2023-04-23 21:00:00,0.9523799297972504,1.9810857347406023,1.8145711786725904,4.748615334629444,0.05179,0.0,0.10368,0.05505
2023-04-23 21:15:00,1.6886983822336892,2.811991420017258,2.7273200870985552,7.228002118694146,0.05179,0.0,0.10368,0.05505
2023-04-23 21:30:00,1.6706528871892912,1.8800157742673385,2.901046848014604,6.450334953532778,0.05179,0.0,0.10368,0.05505
2023-04-23 21:45:00,1.7123094014749174,1.5710316475266004,2.825656187276484,6.109001098314032,0.05179,0.0,0.10368,0.05505
2023-04-23 22:00:00,1.6573228303312475,1.5657696928650005,2.818131797250897,6.0413176167035205,0.0517899999999999,0.0,0.10368,0.05505
2023-04-23 22:15:00,1.1551998945192623,1.007116421545243,2.186325242917056,4.3477947770899705,0.05179,0.0,0.10368,0.05505
2023-04-23 22:30:00,1.7194677497750983,1.5763101217358475,2.819915052037634,6.115687956037388,0.05179,0.0,0.10368,0.05505
2023-04-23 22:45:00,1.6641363747458664,1.5737556611822734,2.794990267850204,6.032953905880265,0.05179,0.0,0.10368,0.05505
2023-04-23 23:00:00,1.1591037821110508,1.003213327555483,2.101674478111027,4.265529990444222,0.05179,0.0,0.10368,0.05505
2023-04-23 23:15:00,1.7100549144876471,1.5611924240168014,2.723037220487402,5.994338453665524,0.05179,0.0,0.10368,0.05505
2023-04-23 23:30:00,1.1664503580116012,0.9739608229935484,2.070254803332328,4.211890227714439,0.05179,0.0,0.10368,0.05505
2023-04-23 23:45:00,1.6718442037267545,1.5418132298986036,2.7193218512630075,5.932991588099259,0.05179,0.0,0.10368,0.05505
2023-04-24 00:00:00,0.2442398194028789,0.2846475448154754,1.2467503887727442,1.7777071691645885,0.05179,0.0,0.10368,0.05505
2023-04-24 00:15:00,0.2600499245404594,0.3058885163699408,1.2961881666333268,1.862131242692979,0.05179,0.0,0.10368,0.05505
2023-04-24 00:30:00,0.6177386002220724,0.5337963928928348,1.5589339745696875,2.707744774680644,0.05179,0.0,0.10368,0.05505
2023-04-24 00:45:00,0.5152268191062597,0.4788839263844646,1.1657634637312009,2.1324843837034115,0.05179,0.0,0.10368,0.05505
2023-04-24 01:00:00,0.2243421844778906,0.12143,0.309549273582179,0.5338900810342143,0.05179,0.0,0.10368,0.05505
2023-04-24 01:15:00,0.2721386732926015,0.12143,0.3096953239311494,0.5818330691837732,0.05179,0.0,0.10368,0.05505
2023-04-24 01:30:00,0.24327237391925,0.12143,0.3230509639705697,0.5667903388455682,0.05179,0.0,0.10368,0.05505
2023-04-24 01:45:00,0.2447016794665034,0.12143,0.3955418129480412,0.640193454959699,0.0517899999999999,0.0,0.10368,0.05505
2023-04-24 02:00:00,0.294413577672863,0.12143,0.3947469374062759,0.6891218634823638,0.05179,0.0,0.10368,0.05505
2023-04-24 02:15:00,0.2288995310625329,0.12143,0.369908248566866,0.5987182365684703,0.05179,0.0,0.10368,0.05505
2023-04-24 02:30:00,0.2174348229881992,0.12143,0.3941174652754626,0.6115493056203746,0.05179,0.0,0.10368,0.05505
2023-04-24 02:45:00,0.2664278522453285,0.12143,0.3941265458343981,0.6604476950003938,0.05179,0.0,0.10368,0.05505
2023-04-24 03:00:00,0.2166665635032605,0.12143,0.3697697068396668,0.5865321278841125,0.05179,0.0,0.10368,0.05505
2023-04-24 03:15:00,0.2183769765968826,0.12143,0.3319511447081888,0.5503259474596698,0.05179,0.0,0.10368,0.05505
2023-04-24 03:30:00,0.2691028435881993,0.12143,0.3079282855587407,0.5770310439303988,0.05179,0.0,0.10368,0.05505
2023-04-24 03:45:00,0.2171817534328743,0.12143,0.2874741152290804,0.5046884904234952,0.05179,0.0,0.10368,0.05505
2023-04-24 04:00:00,0.2165447972222237,0.12143,0.3058786700000027,0.5222968872222151,0.05179,0.0,0.10368,0.05505
2023-04-24 04:15:00,0.2693994847137042,0.1214299999999999,0.3080887558643692,0.577161843023903,0.05179,0.0,0.10368,0.05505
2023-04-24 04:30:00,0.2163872186982752,0.12143,0.2943974689787723,0.5107844220664541,0.05179,0.0,0.10368,0.05505
2023-04-24 04:45:00,0.2161544502966837,0.12143,0.2982614927661846,0.5144383257772718,0.05179,0.0,0.10368,0.05505
2023-04-24 05:00:00,0.268312763308434,0.12143,0.3079016096715794,0.576156048291279,0.05179,0.0,0.10368,0.05505
2023-04-24 05:15:00,0.2157199749861045,0.1214299999999999,0.2996453080600333,0.5153620239021692,0.05179,0.0,0.10368,0.05505
2023-04-24 05:30:00,0.2147848555247081,0.12143,0.2920621568017685,0.5069460449750143,0.05179,0.0,0.10368,0.05505
2023-04-24 05:45:00,0.2629382086996807,0.12143,0.3067586994897564,0.5697012248073773,0.05179,0.0,0.10368,0.05505
2023-04-24 06:00:00,0.212883323744044,0.12143,0.2530675485110705,0.4660003038953289,0.05179,0.0,0.10368,0.05505
2023-04-24 06:15:00,0.2153525613929811,0.12143,0.1823785310131767,0.3978037500277775,0.0501475227563199,0.0,0.0805777409280292,0.0510226217282595
2023-04-24 06:30:00,0.2633719185710431,0.12143,0.2027872321269787,0.4663305928774646,0.0997848587018177,0.0,0.0419208300087784,0.1169066765199426
2023-04-24 06:45:00,0.2152035538200017,0.12143,0.2030226817237519,0.4181993498716841,0.1482418500000099,0.0,0.0594073531111192,0.2076285272222423
2023-04-24 07:00:00,0.3780259753334369,0.274518897777833,0.1904649546666729,0.7379186810001692,0.2485989890349081,0.0,0.1469607010098493,0.3955052725717298
2023-04-24 07:15:00,1.6358785939062996,2.5175621983687404,1.2704955197012473,5.42086675222796,0.3915313174451194,0.0,0.2750210067584058,0.6660348652764309
2023-04-24 07:30:00,1.6246425114977,3.050142077251228,1.857298207913974,6.533271784309719,0.3878708826502911,0.0,0.2718983980091903,0.6599055990801402
2023-04-24 07:45:00,1.6314885912566193,2.688227485442624,1.6592231257501395,5.977133253433925,0.5400645124929871,0.0,0.4125834765130113,0.9518060535257636
2023-04-24 08:00:00,1.6526835153689805,2.603811861829081,1.6553018752708062,5.9117976813782445,0.6735715475264267,0.0,0.536492567315175,1.2101777806559524
2023-04-24 08:15:00,1.5945912595152647,2.729873816551318,2.033542732283537,6.357581011924036,0.4487322542954588,0.0,0.3268818082565807,0.7757378935326298
2023-04-24 08:30:00,1.588155708888889,2.8969942656667493,2.970472842888904,7.456017949111177,0.8080203500000471,0.0,0.6611383887778455,1.4692901247778467
2023-04-24 08:45:00,1.9840223536338184,3.0749552115381684,3.693878767202461,8.748695237973893,1.2602551593546036,0.0,1.083124549606641,2.3429827323643617
2023-04-24 09:00:00,3.233301832477609,4.369964505456768,6.9570877526616215,14.56042553288446,1.272433128888802,0.0,1.0941053867777233,2.3667089281110045
2023-04-24 09:15:00,3.227480706974156,4.231588478355193,6.050978097026769,13.509091861294811,1.6249684700011795,0.0,1.4250380073788256,3.0498696277239152
2023-04-24 09:30:00,3.2943109256194747,4.162375029265905,5.8998025796061935,13.358139207548158,0.986415644629028,0.0,0.8254622594513955,1.8120918316241703
2023-04-24 09:45:00,3.1578697725883336,3.4102953898564525,5.322665532905969,11.88855601707261,0.4862678996388125,0.0,0.3625574519589004,0.8486333941651065
2023-04-24 10:00:00,3.138016350347128,3.864402432324404,5.480200271146858,12.482012119077975,0.4932691615662696,0.0,0.3687368450985921,0.862437139016979
2023-04-24 10:15:00,3.187144750208421,3.627327462850752,5.192155481967259,12.008426588385628,0.5532335441110946,0.0,0.4254867163333309,0.9783256227777368
2023-04-24 10:30:00,3.170084938670753,3.599041131924413,6.422658745972628,13.19204404739676,0.4157674800026699,0.0,0.2964335457494868,0.7120893645292008
2023-04-24 10:45:00,2.091321853502378,3.4266512812704977,5.525838579366684,11.045066703081792,0.390538621643566,0.0,0.272420398831298,0.6631504048304445
2023-04-24 11:00:00,1.67327931573332,2.1638213398786905,4.43872850585311,8.276730891845615,0.1879895926626046,0.0,0.0944103415230792,0.2824774939411146
2023-04-24 11:15:00,2.0245420805503365,3.172414069192457,4.576777369111071,9.772814953489997,0.1508054279844651,0.0,0.0639169978900657,0.2146880088839626
2023-04-24 11:30:00,3.0472774325284897,3.624466331548809,5.201284867056273,11.873957824696175,0.206052210894933,0.0,0.110645193440799,0.3165472723735226
2023-04-24 11:45:00,3.0458601363712163,4.021981931091971,4.995192044901509,12.06681443523232,0.3031121431587213,0.0,0.1936119125227824,0.4968579112785264
2023-04-24 12:00:00,3.023720407476135,4.119711394108354,4.989409404064983,12.131882353183238,0.4580072028484622,0.0,0.3344282463643996,0.7926044797973361
2023-04-24 12:15:00,2.483767403054742,3.514807096362041,4.523520761677441,10.52394872302136,1.29460400366559,0.0,1.1141807999998752,2.4081300636488687
2023-04-24 12:30:00,2.520138702767534,3.457045739886809,5.204167751730553,11.18177319530718,1.8049143189999657,0.0,1.588968577999858,3.3940634487777133
2023-04-24 12:45:00,2.175352161546336,3.0828206304463817,6.708317771874809,11.963719983438924,2.1316399374444144,0.0,1.9010342386666523,4.032386350333211
2023-04-24 13:00:00,2.665252157832197,3.207887959936493,6.278820672947617,12.1510283434626,2.2182611358889,0.0,1.9864724584444533,4.204795130666685
2023-04-24 13:15:00,3.895653246678119,4.463288264231354,8.982837165044284,17.344563753499177,2.1343997203263845,0.0,1.9005768803493948,4.035079142749205
2023-04-24 13:30:00,7.075950822998545,8.456370991132143,13.28729050528943,28.81872816342146,2.0702934389476897,0.0,1.8407468265695053,3.9097493594258808
2023-04-24 13:45:00,6.726290115246644,8.135753592202903,12.592091348840162,27.45670862893305,2.013409098222251,0.0,1.7865197667777877,3.800150333222282
2023-04-24 14:00:00,7.1963739931782325,8.788944401928775,13.532856359354168,29.51840727818169,1.9306114042222724,0.0,1.7086601678888218,3.6393180324445433
2023-04-24 14:15:00,6.846760712619135,8.297718784414545,12.93231484989868,28.074479710574487,1.7623183370931057,0.0,1.5537019389467264,3.3153589695177
2023-04-24 14:30:00,8.676512095804432,9.380914361544953,14.076090627952048,32.13102260994709,1.119657937631248,0.0,0.9511380252852452,2.0707418362903764
2023-04-24 14:45:00,8.045329815359983,9.037305891704444,13.62234249652842,30.703582444757668,0.7369658103948145,0.0,0.5938831167834963,1.3307722209874226
2023-04-24 15:00:00,7.092668174736264,8.281536711302946,13.199172698723071,28.5786870958025,1.0345206534611768,0.0,0.8703908748736341,1.905258818281834
2023-04-24 15:15:00,7.072150433845832,9.200579352674554,13.148458736004974,29.41591318264632,1.3929621422616365,0.0,1.209007100194364,2.601417422394962
2023-04-24 15:30:00,6.2726346129147,8.340592794147085,12.978679988778444,27.592322216629924,1.2002750040000485,0.0,1.0256371937777855,2.2260823775556484
2023-04-24 15:45:00,6.308991899888746,7.460327156110795,12.401310917444407,26.16973155744392,0.9479087137778373,0.0,0.7909670931111752,1.7388916164445545
2023-04-24 16:00:00,3.5027797163467547,4.014416931609763,9.873473327590672,17.38825483533223,0.4520484352124729,0.0,0.3297167192446631,0.7818829826159874
2023-04-24 16:15:00,3.445370921271909,4.237830676066133,10.411144756460864,18.094920899606944,0.5377894400969229,0.0,0.4087934293368305,0.9464327662790856
2023-04-24 16:30:00,2.791645541682907,3.941140870869286,9.4851465821719,16.219117211108323,0.5076177555464192,0.0,0.380791716974219,0.8884077331052317
2023-04-24 16:45:00,3.3881045402611507,4.349268082689709,10.449265216560033,18.187731174881915,0.4647442485446457,0.0,0.3401855258187747,0.8051160324178651
2023-04-24 17:00:00,2.736763531111148,3.7362144210000654,9.19140769677789,15.668573470667011,0.3811431492363253,0.0,0.2620552543182401,0.6429340706470218
2023-04-24 17:15:00,3.3394746172477383,4.089069294269319,10.301224522143016,17.730324336710908,0.269869324444443,0.0,0.1626877074444397,0.4325985784444492
2023-04-24 17:30:00,2.852575160021828,3.5530353245426105,9.741406220242505,16.142605086037577,0.1965185689672556,0.0,0.0990650248435478,0.2956674419483745
2023-04-24 17:45:00,3.37977344923412,4.465158734688095,12.896663767368493,20.740906915364537,0.1533426074444581,0.0,0.0633730183333257,0.2168504268889059
2023-04-24 18:00:00,2.7371385969257984,3.419276728381481,9.669564409693912,15.825698707212828,0.1022286408920735,0.0,0.0284152673900752,0.1191688191521283
2023-04-24 18:15:00,3.1843001255736496,3.385005143409856,10.017902368119882,16.5883518277082,0.0563673108944792,0.0,0.0317390143725719,0.0468873131176139
2023-04-24 18:30:00,1.9830972259562465,2.9589648936263817,9.271736360081183,14.21559579971759,0.0517599999999999,0.0,0.1129153093836672,0.0534530477512469
2023-04-24 18:45:00,2.5222211186527232,2.5159279052201,8.011785457403123,13.046465499505448,0.05176,0.0,0.11452,0.05246
2023-04-24 19:00:00,2.782549349333353,2.08825062933326,6.952039161666871,11.820358772111094,0.05176,0.0,0.11452,0.05246
2023-04-24 19:15:00,2.899742861256553,2.3977059046283906,7.316394750230653,12.612037431039488,0.05176,0.0,0.11452,0.05246
2023-04-24 19:30:00,2.5234444952467965,2.1652716421971645,7.728662116409921,12.416804684598729,0.05176,0.0,0.11452,0.05246
2023-04-24 19:45:00,2.331537930168479,1.7003698244210186,7.416706334955617,11.449705453727049,0.05176,0.0,0.11452,0.05246
2023-04-24 20:00:00,2.008544301908189,2.7456805809004754,5.787069870861587,10.540189571909975,0.05176,0.0,0.11452,0.05246
2023-04-24 20:15:00,2.2620178083333435,3.0308538483333263,8.400254467444347,13.691158560777652,0.05176,0.0,0.11452,0.05246
2023-04-24 20:30:00,1.8040945462827591,2.920683427098664,7.037852400235584,11.75692143725288,0.05176,0.0,0.11452,0.05246
2023-04-24 20:45:00,1.7089627725545142,2.894905550887982,4.446548196083386,9.047957978928803,0.05176,0.0,0.11452,0.05246
2023-04-24 21:00:00,1.2820929600666209,2.8840001933907065,6.675510395001574,10.84038312657608,0.05176,0.0,0.11452,0.05246
2023-04-24 21:15:00,1.4309115197652982,3.029335787888443,6.131588626043479,10.594486774652273,0.05176,0.0,0.11452,0.0524599999999999
2023-04-24 21:30:00,1.5125791194081792,3.1208611107654534,5.492896958975425,10.124964782212796,0.05176,0.0,0.11452,0.05246
2023-04-24 21:45:00,1.255089980555527,2.793097486555429,6.570379545110916,10.617256229999674,0.05176,0.0,0.11452,0.05246
2023-04-24 22:00:00,1.8561139011386407,2.782407990558225,4.363693963454677,9.007279652985233,0.05176,0.0,0.1145199999999999,0.05246
2023-04-24 22:15:00,2.535474024476942,3.0269485512771386,6.456032760054258,12.019021084902375,0.05176,0.0,0.11452,0.05246
2023-04-24 22:30:00,2.43892338344456,3.004463859888965,5.802845492889006,11.247664552222584,0.05176,0.0,0.11452,0.05246
2023-04-24 22:45:00,1.615690634973565,1.384738546584046,2.5108157213181936,5.508771471863014,0.05176,0.0,0.11452,0.05246
2023-04-24 23:00:00,0.4821283284650189,1.880010250119396,2.120465843042441,4.4854244352877854,0.05176,0.0,0.11452,0.05246
2023-04-24 23:15:00,0.2762361492636679,1.875013933425952,2.503862251069744,4.656439122756326,0.05176,0.0,0.11452,0.05246
2023-04-24 23:30:00,0.229759405698537,1.8728139353024853,2.230828424234363,4.334838686380642,0.05176,0.0,0.11452,0.05246
2023-04-24 23:45:00,0.2317846259387554,1.8407979360528048,2.57541840087992,4.649842969381568,0.05176,0.0,0.11452,0.05246
